generic_name,category
0.9 % SODIUM CHLORIDE,"Nutrition, Fluids, Electrolytes & Supplies"
AA 3.31 %/D9.8W/FAT/E-LYTES 10,"Nutrition, Fluids, Electrolytes & Supplies"
AA 4.25 %/CALCIUM/LYTES/D25W,"Nutrition, Fluids, Electrolytes & Supplies"
AA 4.25 %/CALCIUM/LYTES/D5W,"Nutrition, Fluids, Electrolytes & Supplies"
AA 5 %/CALCIUM/LYTES/DEXT 20 %,"Nutrition, Fluids, Electrolytes & Supplies"
AA 5%/D15W/ELECTROLYTES,"Nutrition, Fluids, Electrolytes & Supplies"
ABACAVIR SULFATE,Infectious Disease (Antimicrobial/Antiviral/Vaccine)
ABACAVIR SULFATE/LAMIVUDINE,Infectious Disease (Antimicrobial/Antiviral/Vaccine)
ABACAVIR/DOLUTEGRAVIR/LAMIVUDI,Infectious Disease (Antimicrobial/Antiviral/Vaccine)
ABACAVIR/LAMIVUDINE/ZIDOVUDINE,Infectious Disease (Antimicrobial/Antiviral/Vaccine)
ABALOPARATIDE,"Endocrine, Metabolic & Hormonal"
ABATACEPT,Oncology & Immunology
ABATACEPT/MALTOSE,Oncology & Immunology
ABEMACICLIB,Oncology & Immunology
ABIRATERONE ACETATE,Oncology & Immunology
ABOBOTULINUMTOXINA,"Nutrition, Fluids, Electrolytes & Supplies"
ACALABRUTINIB,Oncology & Immunology
ACAMPROSATE CALCIUM,"Neurology, Psychiatry & Pain"
ACARBOSE,"Endocrine, Metabolic & Hormonal"
ACEBUTOLOL HCL,Cardiovascular & Blood
ACETAMINOPHEN WITH CODEINE,"Neurology, Psychiatry & Pain"
ACETAMINOPHEN/CAFF/DIHYDROCOD,"Nutrition, Fluids, Electrolytes & Supplies"
ACETAZOLAMIDE,"Neurology, Psychiatry & Pain"
ACETAZOLAMIDE SODIUM,"Neurology, Psychiatry & Pain"
ACETIC ACID,"Nutrition, Fluids, Electrolytes & Supplies"
ACETIC ACID/ALUMINUM ACETATE,"Nutrition, Fluids, Electrolytes & Supplies"
ACETOHYDROXAMIC ACID,"Nutrition, Fluids, Electrolytes & Supplies"
ACETYLCYSTEINE,Respiratory & Allergy
ACITRETIN,"Nutrition, Fluids, Electrolytes & Supplies"
ACLIDINIUM BROMIDE,Respiratory & Allergy
ACYCLOVIR,Infectious Disease (Antimicrobial/Antiviral/Vaccine)
ACYCLOVIR SODIUM,Infectious Disease (Antimicrobial/Antiviral/Vaccine)
ACYCLOVIR/HYDROCORTISONE,Infectious Disease (Antimicrobial/Antiviral/Vaccine)
ADALIMUMAB,Oncology & Immunology
ADAPALENE,Dermatology (Topical)
ADAPALENE/BENZOYL PEROXIDE,Dermatology (Topical)
ADEFOVIR DIPIVOXIL,Infectious Disease (Antimicrobial/Antiviral/Vaccine)
ADO-TRASTUZUMAB EMTANSINE,Oncology & Immunology
AFATINIB DIMALEATE,Oncology & Immunology
AFLIBERCEPT,Ophthalmic & Otic
AGALSIDASE BETA,"Endocrine, Metabolic & Hormonal"
ALBENDAZOLE,Infectious Disease (Antimicrobial/Antiviral/Vaccine)
ALBIGLUTIDE,"Endocrine, Metabolic & Hormonal"
ALBUMIN HUMAN,"Nutrition, Fluids, Electrolytes & Supplies"
ALBUTEROL SULFATE,Respiratory & Allergy
ALCAFTADINE,Ophthalmic & Otic
ALCLOMETASONE DIPROPIONATE,Dermatology (Topical)
ALCOHOL ANTISEPTIC PADS,"Nutrition, Fluids, Electrolytes & Supplies"
ALDESLEUKIN,Oncology & Immunology
ALECTINIB HCL,Oncology & Immunology
ALEMTUZUMAB,Oncology & Immunology
ALENDRONATE SODIUM,"Endocrine, Metabolic & Hormonal"
ALENDRONATE SODIUM/VITAMIN D3,"Endocrine, Metabolic & Hormonal"
ALFUZOSIN HCL,Gastrointestinal & Genitourinary
ALGLUCOSIDASE ALFA,"Endocrine, Metabolic & Hormonal"
ALIROCUMAB,Oncology & Immunology
ALISKIREN HEMIFUMARATE,Cardiovascular & Blood
ALISKIREN/HYDROCHLOROTHIAZIDE,Cardiovascular & Blood
ALITRETINOIN,Dermatology (Topical)
ALLOPURINOL,"Endocrine, Metabolic & Hormonal"
ALMOTRIPTAN MALATE,"Neurology, Psychiatry & Pain"
ALOGLIPTIN BENZ/METFORMIN HCL,"Endocrine, Metabolic & Hormonal"
ALOGLIPTIN BENZ/PIOGLITAZONE,"Endocrine, Metabolic & Hormonal"
ALOGLIPTIN BENZOATE,"Endocrine, Metabolic & Hormonal"
ALOSETRON HCL,"Nutrition, Fluids, Electrolytes & Supplies"
ALPHA-1-PROTEINASE INHIBITOR,"Nutrition, Fluids, Electrolytes & Supplies"
ALPRAZOLAM,"Neurology, Psychiatry & Pain"
ALPROSTADIL,Gastrointestinal & Genitourinary
ALTRETAMINE,Oncology & Immunology
AMANTADINE HCL,"Neurology, Psychiatry & Pain"
AMBRISENTAN,Cardiovascular & Blood
AMCINONIDE,Dermatology (Topical)
AMIKACIN SULFATE,Infectious Disease (Antimicrobial/Antiviral/Vaccine)
AMILORIDE HCL,Cardiovascular & Blood
AMILORIDE/HYDROCHLOROTHIAZIDE,Cardiovascular & Blood
AMINO ACID 4.25 %/DEXTROSE 25%,"Nutrition, Fluids, Electrolytes & Supplies"
AMINO ACIDS 5 %/DEXTROSE 15 %,"Nutrition, Fluids, Electrolytes & Supplies"
AMINO ACIDS 5 %/DEXTROSE 25 %,"Nutrition, Fluids, Electrolytes & Supplies"
AMINOCAPROIC ACID,"Nutrition, Fluids, Electrolytes & Supplies"
AMINOLEVULINIC ACID HCL,"Nutrition, Fluids, Electrolytes & Supplies"
AMINOPHYLLINE,Respiratory & Allergy
AMINOSALICYLIC ACID,Dermatology (Topical)
AMIODARONE HCL,Cardiovascular & Blood
AMITRIPTYLINE HCL,"Neurology, Psychiatry & Pain"
AMITRIPTYLINE/CHLORDIAZEPOXIDE,"Neurology, Psychiatry & Pain"
AMLODIPINE BES/OLMESARTAN MED,Cardiovascular & Blood
AMLODIPINE BESYLATE,Cardiovascular & Blood
AMLODIPINE BESYLATE/BENAZEPRIL,Cardiovascular & Blood
AMLODIPINE BESYLATE/VALSARTAN,Cardiovascular & Blood
AMLODIPINE/ATORVASTATIN,Cardiovascular & Blood
AMLODIPINE/VALSARTAN/HCTHIAZID,Cardiovascular & Blood
AMMONIUM LACTATE,"Nutrition, Fluids, Electrolytes & Supplies"
AMOXAPINE,"Neurology, Psychiatry & Pain"
AMOXICILLIN,Infectious Disease (Antimicrobial/Antiviral/Vaccine)
AMOXICILLIN/POTASSIUM CLAV,Infectious Disease (Antimicrobial/Antiviral/Vaccine)
AMPHETAMINE,"Neurology, Psychiatry & Pain"
AMPHETAMINE SULFATE,"Neurology, Psychiatry & Pain"
AMPHOTERICIN B,Infectious Disease (Antimicrobial/Antiviral/Vaccine)
AMPHOTERICIN B LIPID COMPLEX,Infectious Disease (Antimicrobial/Antiviral/Vaccine)
AMPHOTERICIN B LIPOSOME,Infectious Disease (Antimicrobial/Antiviral/Vaccine)
AMPICILLIN SODIUM,Infectious Disease (Antimicrobial/Antiviral/Vaccine)
AMPICILLIN SODIUM/SULBACTAM NA,Infectious Disease (Antimicrobial/Antiviral/Vaccine)
AMPICILLIN TRIHYDRATE,Infectious Disease (Antimicrobial/Antiviral/Vaccine)
ANAGRELIDE HCL,"Nutrition, Fluids, Electrolytes & Supplies"
ANAKINRA,Oncology & Immunology
ANASTROZOLE,Oncology & Immunology
ANIDULAFUNGIN,Infectious Disease (Antimicrobial/Antiviral/Vaccine)
ANTHRALIN,Dermatology (Topical)
APIXABAN,Cardiovascular & Blood
APOMORPHINE HCL,"Neurology, Psychiatry & Pain"
APRACLONIDINE HCL,Ophthalmic & Otic
APREMILAST,"Nutrition, Fluids, Electrolytes & Supplies"
APREPITANT,Gastrointestinal & Genitourinary
ARFORMOTEROL TARTRATE,Respiratory & Allergy
ARIPIPRAZOLE,"Neurology, Psychiatry & Pain"
ARIPIPRAZOLE LAUROXIL,"Neurology, Psychiatry & Pain"
ARMODAFINIL,"Neurology, Psychiatry & Pain"
ARTEMETHER/LUMEFANTRINE,Infectious Disease (Antimicrobial/Antiviral/Vaccine)
ASENAPINE MALEATE,"Neurology, Psychiatry & Pain"
ASFOTASE ALFA,"Endocrine, Metabolic & Hormonal"
ASPIRIN,Cardiovascular & Blood
ASPIRIN/CAFFEIN/DIHYDROCODEINE,Cardiovascular & Blood
ASPIRIN/DIPYRIDAMOLE,Cardiovascular & Blood
ASPIRIN/OMEPRAZOLE,Cardiovascular & Blood
ATAZANAVIR SULFATE,Infectious Disease (Antimicrobial/Antiviral/Vaccine)
ATAZANAVIR SULFATE/COBICISTAT,Infectious Disease (Antimicrobial/Antiviral/Vaccine)
ATENOLOL,Cardiovascular & Blood
ATENOLOL/CHLORTHALIDONE,Cardiovascular & Blood
ATEZOLIZUMAB,Oncology & Immunology
ATOMOXETINE HCL,"Neurology, Psychiatry & Pain"
ATORVASTATIN CALCIUM,Cardiovascular & Blood
ATOVAQUONE,Infectious Disease (Antimicrobial/Antiviral/Vaccine)
ATOVAQUONE/PROGUANIL HCL,Infectious Disease (Antimicrobial/Antiviral/Vaccine)
ATROPINE SULFATE,"Nutrition, Fluids, Electrolytes & Supplies"
AURANOFIN,"Nutrition, Fluids, Electrolytes & Supplies"
AXITINIB,Oncology & Immunology
AZACITIDINE,Oncology & Immunology
AZATHIOPRINE,Oncology & Immunology
AZELAIC ACID,Dermatology (Topical)
AZELASTINE HCL,Respiratory & Allergy
AZELASTINE/FLUTICASONE,Respiratory & Allergy
AZILSARTAN MED/CHLORTHALIDONE,Cardiovascular & Blood
AZILSARTAN MEDOXOMIL,Cardiovascular & Blood
AZITHROMYCIN,Infectious Disease (Antimicrobial/Antiviral/Vaccine)
AZTREONAM,Infectious Disease (Antimicrobial/Antiviral/Vaccine)
AZTREONAM LYSINE,Infectious Disease (Antimicrobial/Antiviral/Vaccine)
AZTREONAM/DEXTROSE-WATER,Infectious Disease (Antimicrobial/Antiviral/Vaccine)
B COMP NO3/FOLIC/C/BIOTIN/ZINC,"Nutrition, Fluids, Electrolytes & Supplies"
B COMPLEX W-C NO.20/FOLIC ACID,"Nutrition, Fluids, Electrolytes & Supplies"
BACITRACIN,Infectious Disease (Antimicrobial/Antiviral/Vaccine)
BACITRACIN/POLYMYXIN B SULFATE,Dermatology (Topical)
BACLOFEN,"Neurology, Psychiatry & Pain"
BALANCED SALT IRRIG SOLN NO.2,"Nutrition, Fluids, Electrolytes & Supplies"
BALSALAZIDE DISODIUM,Gastrointestinal & Genitourinary
BCG LIVE,Infectious Disease (Antimicrobial/Antiviral/Vaccine)
"BCG VACCINE, LIVE/PF",Infectious Disease (Antimicrobial/Antiviral/Vaccine)
BECAPLERMIN,Dermatology (Topical)
BECLOMETHASONE DIPROPIONATE,Dermatology (Topical)
BEDAQUILINE FUMARATE,Infectious Disease (Antimicrobial/Antiviral/Vaccine)
BELATACEPT,Oncology & Immunology
BELIMUMAB,Oncology & Immunology
BELINOSTAT,Oncology & Immunology
BENAZEPRIL HCL,Cardiovascular & Blood
BENAZEPRIL/HYDROCHLOROTHIAZIDE,Cardiovascular & Blood
BENDAMUSTINE HCL,Oncology & Immunology
BENZONATATE,Respiratory & Allergy
BENZTROPINE MESYLATE,"Neurology, Psychiatry & Pain"
BEPOTASTINE BESILATE,Ophthalmic & Otic
BESIFLOXACIN HCL,Ophthalmic & Otic
BETAINE,"Endocrine, Metabolic & Hormonal"
"BETAMETHASONE ACETATE,SOD PHOS","Nutrition, Fluids, Electrolytes & Supplies"
BETAMETHASONE DIPROPIONATE,Dermatology (Topical)
BETAMETHASONE VALERATE,Dermatology (Topical)
BETAMETHASONE/PROPYLENE GLYC,"Nutrition, Fluids, Electrolytes & Supplies"
BETAXOLOL HCL,Cardiovascular & Blood
BETHANECHOL CHLORIDE,"Nutrition, Fluids, Electrolytes & Supplies"
BEVACIZUMAB,Oncology & Immunology
BEXAROTENE,Oncology & Immunology
BEZLOTOXUMAB,Oncology & Immunology
BICALUTAMIDE,Oncology & Immunology
BIMATOPROST,Ophthalmic & Otic
BISMUTH/METRONID/TETRACYCLINE,Infectious Disease (Antimicrobial/Antiviral/Vaccine)
BISOPROLOL FUMARATE,Cardiovascular & Blood
BISOPROLOL/HYDROCHLOROTHIAZIDE,Cardiovascular & Blood
BLEOMYCIN SULFATE,Infectious Disease (Antimicrobial/Antiviral/Vaccine)
BLINATUMOMAB,Oncology & Immunology
BORTEZOMIB,Oncology & Immunology
BOSENTAN,Cardiovascular & Blood
BOSUTINIB,Oncology & Immunology
BREXPIPRAZOLE,"Neurology, Psychiatry & Pain"
BRIGATINIB,Oncology & Immunology
BRIMONIDINE TARTRATE,Ophthalmic & Otic
BRIMONIDINE TARTRATE/TIMOLOL,Ophthalmic & Otic
BRINZOLAMIDE,Ophthalmic & Otic
BRINZOLAMIDE/BRIMONIDINE TART,Ophthalmic & Otic
BRIVARACETAM,"Neurology, Psychiatry & Pain"
BRODALUMAB,Oncology & Immunology
BROMFENAC SODIUM,Ophthalmic & Otic
BROMOCRIPTINE MESYLATE,"Nutrition, Fluids, Electrolytes & Supplies"
BROMPHENIRAMINE/PSEUDOEPHED/DM,Respiratory & Allergy
BUDESONIDE,Dermatology (Topical)
BUDESONIDE/FORMOTEROL FUMARATE,Dermatology (Topical)
BUMETANIDE,Cardiovascular & Blood
BUPIVACAINE HCL,"Neurology, Psychiatry & Pain"
BUPIVACAINE HCL/PF,"Neurology, Psychiatry & Pain"
BUPRENORPHINE,"Neurology, Psychiatry & Pain"
BUPRENORPHINE HCL,"Neurology, Psychiatry & Pain"
BUPRENORPHINE HCL/NALOXONE HCL,"Neurology, Psychiatry & Pain"
BUPROPION HBR,"Neurology, Psychiatry & Pain"
BUPROPION HCL,"Neurology, Psychiatry & Pain"
BUSPIRONE HCL,"Neurology, Psychiatry & Pain"
BUSULFAN,Oncology & Immunology
BUTABARBITAL SODIUM,"Neurology, Psychiatry & Pain"
BUTALB/ACETAMINOPHEN/CAFFEINE,"Nutrition, Fluids, Electrolytes & Supplies"
BUTALBIT/ACETAMIN/CAFF/CODEINE,"Neurology, Psychiatry & Pain"
BUTALBITAL/ACETAMINOPHEN,"Nutrition, Fluids, Electrolytes & Supplies"
BUTALBITAL/ASPIRIN/CAFFEINE,Cardiovascular & Blood
BUTENAFINE HCL,Dermatology (Topical)
BUTOCONAZOLE NITRATE,Dermatology (Topical)
BUTORPHANOL TARTRATE,"Neurology, Psychiatry & Pain"
C1 ESTERASE INHIBITOR,"Nutrition, Fluids, Electrolytes & Supplies"
"C1 ESTERASE INHIBITOR, RECOMB","Nutrition, Fluids, Electrolytes & Supplies"
CABAZITAXEL,Oncology & Immunology
CABERGOLINE,"Nutrition, Fluids, Electrolytes & Supplies"
CABOZANTINIB S-MALATE,Oncology & Immunology
CALCIFEDIOL,"Endocrine, Metabolic & Hormonal"
CALCIPOTRIENE,"Nutrition, Fluids, Electrolytes & Supplies"
CALCIPOTRIENE/BETAMETHASONE,"Nutrition, Fluids, Electrolytes & Supplies"
"CALCITONIN,SALMON,SYNTHETIC","Endocrine, Metabolic & Hormonal"
CALCITRIOL,"Endocrine, Metabolic & Hormonal"
CALCIUM ACETATE,"Nutrition, Fluids, Electrolytes & Supplies"
CALCIUM CARB/MAG CARB/FOLIC AC,"Nutrition, Fluids, Electrolytes & Supplies"
CALCIUM GLUCONATE,"Nutrition, Fluids, Electrolytes & Supplies"
CANAGLIFLOZIN,"Endocrine, Metabolic & Hormonal"
CANAGLIFLOZIN/METFORMIN HCL,"Endocrine, Metabolic & Hormonal"
CANAKINUMAB/PF,Oncology & Immunology
CANDESARTAN CILEXETIL,Cardiovascular & Blood
CANDESARTAN/HYDROCHLOROTHIAZID,Cardiovascular & Blood
CAPECITABINE,Oncology & Immunology
CAPTOPRIL,Cardiovascular & Blood
CAPTOPRIL/HYDROCHLOROTHIAZIDE,Cardiovascular & Blood
CARBAMAZEPINE,"Neurology, Psychiatry & Pain"
CARBIDOPA,"Neurology, Psychiatry & Pain"
CARBIDOPA/LEVODOPA,"Neurology, Psychiatry & Pain"
CARBIDOPA/LEVODOPA/ENTACAPONE,"Neurology, Psychiatry & Pain"
CARBINOXAMINE MALEATE,Respiratory & Allergy
CARBOPLATIN,Oncology & Immunology
CARFILZOMIB,Oncology & Immunology
CARGLUMIC ACID,"Endocrine, Metabolic & Hormonal"
CARIPRAZINE HCL,"Neurology, Psychiatry & Pain"
CARISOPRODOL,"Neurology, Psychiatry & Pain"
CARISOPRODOL/ASPIRIN,Cardiovascular & Blood
CARISOPRODOL/ASPIRIN/CODEINE,Cardiovascular & Blood
CARMUSTINE,Oncology & Immunology
CARTEOLOL HCL,Ophthalmic & Otic
CARVEDILOL,"Nutrition, Fluids, Electrolytes & Supplies"
CARVEDILOL PHOSPHATE,"Nutrition, Fluids, Electrolytes & Supplies"
CASPOFUNGIN ACETATE,Infectious Disease (Antimicrobial/Antiviral/Vaccine)
CEFACLOR,Infectious Disease (Antimicrobial/Antiviral/Vaccine)
CEFADROXIL,Infectious Disease (Antimicrobial/Antiviral/Vaccine)
CEFAZOLIN SODIUM,Infectious Disease (Antimicrobial/Antiviral/Vaccine)
"CEFAZOLIN SODIUM/DEXTROSE,ISO",Infectious Disease (Antimicrobial/Antiviral/Vaccine)
CEFDINIR,Infectious Disease (Antimicrobial/Antiviral/Vaccine)
CEFEPIME HCL,Infectious Disease (Antimicrobial/Antiviral/Vaccine)
CEFEPIME HCL IN DEXTROSE 5 %,Infectious Disease (Antimicrobial/Antiviral/Vaccine)
CEFEPIME IN ISO-OSM DEXTROSE,Infectious Disease (Antimicrobial/Antiviral/Vaccine)
CEFIXIME,Infectious Disease (Antimicrobial/Antiviral/Vaccine)
CEFOTAXIME SODIUM,Infectious Disease (Antimicrobial/Antiviral/Vaccine)
CEFOTETAN DISODIUM,Infectious Disease (Antimicrobial/Antiviral/Vaccine)
CEFOXITIN SODIUM,Infectious Disease (Antimicrobial/Antiviral/Vaccine)
"CEFOXITIN SODIUM/DEXTROSE,ISO",Infectious Disease (Antimicrobial/Antiviral/Vaccine)
CEFPODOXIME PROXETIL,Infectious Disease (Antimicrobial/Antiviral/Vaccine)
CEFPROZIL,Infectious Disease (Antimicrobial/Antiviral/Vaccine)
CEFTAROLINE FOSAMIL ACETATE,Infectious Disease (Antimicrobial/Antiviral/Vaccine)
CEFTAZIDIME,Infectious Disease (Antimicrobial/Antiviral/Vaccine)
CEFTAZIDIME IN DEXTROSE5%WATER,Infectious Disease (Antimicrobial/Antiviral/Vaccine)
CEFTAZIDIME/AVIBACTAM,Infectious Disease (Antimicrobial/Antiviral/Vaccine)
CEFTIBUTEN,Infectious Disease (Antimicrobial/Antiviral/Vaccine)
CEFTOLOZANE/TAZOBACTAM,Infectious Disease (Antimicrobial/Antiviral/Vaccine)
CEFTRIAXONE IN IS-OSM DEXTROSE,Infectious Disease (Antimicrobial/Antiviral/Vaccine)
CEFTRIAXONE SODIUM,Infectious Disease (Antimicrobial/Antiviral/Vaccine)
CEFUROXIME AXETIL,Infectious Disease (Antimicrobial/Antiviral/Vaccine)
CEFUROXIME SODIUM,Infectious Disease (Antimicrobial/Antiviral/Vaccine)
CELECOXIB,"Nutrition, Fluids, Electrolytes & Supplies"
CEPHALEXIN,"Nutrition, Fluids, Electrolytes & Supplies"
CERITINIB,Oncology & Immunology
CERTOLIZUMAB PEGOL,Oncology & Immunology
CETIRIZINE HCL,Respiratory & Allergy
CETUXIMAB,Oncology & Immunology
CEVIMELINE HCL,"Nutrition, Fluids, Electrolytes & Supplies"
CHENODIOL,Gastrointestinal & Genitourinary
CHLORAMBUCIL,Oncology & Immunology
CHLORDIAZEPOXIDE HCL,"Neurology, Psychiatry & Pain"
CHLORDIAZEPOXIDE/CLIDINIUM BR,"Neurology, Psychiatry & Pain"
CHLORHEXIDINE GLUCONATE,"Nutrition, Fluids, Electrolytes & Supplies"
CHLOROQUINE PHOSPHATE,Infectious Disease (Antimicrobial/Antiviral/Vaccine)
CHLOROTHIAZIDE,Cardiovascular & Blood
CHLOROTHIAZIDE SODIUM,Cardiovascular & Blood
CHLORPROMAZINE HCL,"Neurology, Psychiatry & Pain"
CHLORPROPAMIDE,"Endocrine, Metabolic & Hormonal"
CHLORTHALIDONE,Cardiovascular & Blood
CHLORZOXAZONE,"Neurology, Psychiatry & Pain"
CHOLESTYRAMINE (WITH SUGAR),"Endocrine, Metabolic & Hormonal"
CHOLESTYRAMINE/ASPARTAME,"Endocrine, Metabolic & Hormonal"
"CHORIONIC GONADOTROPIN, HUMAN","Nutrition, Fluids, Electrolytes & Supplies"
CICLESONIDE,Respiratory & Allergy
CICLOPIROX,Dermatology (Topical)
CICLOPIROX OLAMINE,Dermatology (Topical)
CICLOPIROX/UREA/CAMPH/MEN/EUC,Dermatology (Topical)
CIDOFOVIR,Infectious Disease (Antimicrobial/Antiviral/Vaccine)
CILOSTAZOL,Cardiovascular & Blood
CIMETIDINE,Gastrointestinal & Genitourinary
CIMETIDINE HCL,Gastrointestinal & Genitourinary
CINACALCET HCL,"Endocrine, Metabolic & Hormonal"
CIPROFLOXACIN,Infectious Disease (Antimicrobial/Antiviral/Vaccine)
CIPROFLOXACIN HCL,Infectious Disease (Antimicrobial/Antiviral/Vaccine)
CIPROFLOXACIN HCL/DEXAMETH,Ophthalmic & Otic
CIPROFLOXACIN HCL/FLUOCINOLONE,Ophthalmic & Otic
CIPROFLOXACIN IN 5 % DEXTROSE,Infectious Disease (Antimicrobial/Antiviral/Vaccine)
CIPROFLOXACIN LACTATE,Infectious Disease (Antimicrobial/Antiviral/Vaccine)
CIPROFLOXACIN/CIPROFLOXA HCL,Infectious Disease (Antimicrobial/Antiviral/Vaccine)
CIPROFLOXACIN/HYDROCORTISONE,Infectious Disease (Antimicrobial/Antiviral/Vaccine)
CISPLATIN,Oncology & Immunology
CITALOPRAM HYDROBROMIDE,"Neurology, Psychiatry & Pain"
CITRIC AC/GLUCONOLACT/MAG CARB,"Nutrition, Fluids, Electrolytes & Supplies"
CITRIC ACID/SODIUM CITRATE,"Nutrition, Fluids, Electrolytes & Supplies"
CLARITHROMYCIN,Infectious Disease (Antimicrobial/Antiviral/Vaccine)
CLEMASTINE FUMARATE,Respiratory & Allergy
CLINDAMYCIN HCL,Infectious Disease (Antimicrobial/Antiviral/Vaccine)
CLINDAMYCIN IN 0.9 % SOD CHLOR,Infectious Disease (Antimicrobial/Antiviral/Vaccine)
CLINDAMYCIN PALMITATE HCL,Infectious Disease (Antimicrobial/Antiviral/Vaccine)
CLINDAMYCIN PHOS/BENZOYL PEROX,Infectious Disease (Antimicrobial/Antiviral/Vaccine)
CLINDAMYCIN PHOSPHATE,Infectious Disease (Antimicrobial/Antiviral/Vaccine)
CLINDAMYCIN PHOSPHATE/D5W,Infectious Disease (Antimicrobial/Antiviral/Vaccine)
CLINDAMYCIN/TRETINOIN,Dermatology (Topical)
CLOBAZAM,"Neurology, Psychiatry & Pain"
CLOBETASOL PROPIONATE,Dermatology (Topical)
CLOBETASOL PROPIONATE/EMOLL,Dermatology (Topical)
CLOCORTOLONE PIVALATE,Dermatology (Topical)
CLOMIPHENE CITRATE,"Endocrine, Metabolic & Hormonal"
CLOMIPRAMINE HCL,"Neurology, Psychiatry & Pain"
CLONAZEPAM,"Neurology, Psychiatry & Pain"
CLONIDINE,Cardiovascular & Blood
CLONIDINE HCL,Cardiovascular & Blood
CLOPIDOGREL BISULFATE,Cardiovascular & Blood
CLORAZEPATE DIPOTASSIUM,"Neurology, Psychiatry & Pain"
CLOTRIMAZOLE,"Nutrition, Fluids, Electrolytes & Supplies"
CLOTRIMAZOLE/BETAMETHASONE DIP,"Nutrition, Fluids, Electrolytes & Supplies"
CLOZAPINE,"Neurology, Psychiatry & Pain"
COBICISTAT,Infectious Disease (Antimicrobial/Antiviral/Vaccine)
COBIMETINIB FUMARATE,Oncology & Immunology
CODEINE PHOSPHATE/GUAIFENESIN,"Neurology, Psychiatry & Pain"
CODEINE SULFATE,"Neurology, Psychiatry & Pain"
CODEINE/BUTALBITAL/ASA/CAFFEIN,"Neurology, Psychiatry & Pain"
COLCHICINE,"Endocrine, Metabolic & Hormonal"
COLESEVELAM HCL,"Endocrine, Metabolic & Hormonal"
COLESTIPOL HCL,"Endocrine, Metabolic & Hormonal"
COLISTIN (COLISTIMETHATE NA),Infectious Disease (Antimicrobial/Antiviral/Vaccine)
COLLAGENASE CLOSTRIDIUM HIST.,Dermatology (Topical)
COPPER,"Nutrition, Fluids, Electrolytes & Supplies"
CORTICOTROPIN,"Endocrine, Metabolic & Hormonal"
CORTISONE ACETATE,"Endocrine, Metabolic & Hormonal"
CRISABOROLE,Dermatology (Topical)
CRIZOTINIB,Oncology & Immunology
CROFELEMER,Gastrointestinal & Genitourinary
CROMOLYN SODIUM,Respiratory & Allergy
CROTAMITON,Dermatology (Topical)
CYANOCOBALAMIN (VITAMIN B-12),"Nutrition, Fluids, Electrolytes & Supplies"
CYANOCOBALAMIN/FOLIC AC/VIT B6,"Nutrition, Fluids, Electrolytes & Supplies"
CYCLOBENZAPRINE HCL,"Neurology, Psychiatry & Pain"
CYCLOPENTOLATE HCL,Ophthalmic & Otic
CYCLOPENTOLATE/PHENYLEPHRINE,Ophthalmic & Otic
CYCLOPHOSPHAMIDE,Oncology & Immunology
CYCLOSERINE,Infectious Disease (Antimicrobial/Antiviral/Vaccine)
CYCLOSPORINE,Oncology & Immunology
"CYCLOSPORINE, MODIFIED",Oncology & Immunology
CYPROHEPTADINE HCL,Respiratory & Allergy
CYSTEAMINE BITARTRATE,"Nutrition, Fluids, Electrolytes & Supplies"
CYSTEAMINE HCL,"Nutrition, Fluids, Electrolytes & Supplies"
CYTARABINE,Oncology & Immunology
CYTARABINE/PF,Oncology & Immunology
CYTOMEGALOVIRUS IMMUNE GLOBULN,Infectious Disease (Antimicrobial/Antiviral/Vaccine)
DABIGATRAN ETEXILATE MESYLATE,Cardiovascular & Blood
DABRAFENIB MESYLATE,Oncology & Immunology
DACARBAZINE,Oncology & Immunology
DACLATASVIR DIHYDROCHLORIDE,Infectious Disease (Antimicrobial/Antiviral/Vaccine)
DACLIZUMAB,Oncology & Immunology
DALBAVANCIN HCL,Infectious Disease (Antimicrobial/Antiviral/Vaccine)
DALFAMPRIDINE,"Neurology, Psychiatry & Pain"
"DALTEPARIN SODIUM,PORCINE",Cardiovascular & Blood
DANAZOL,"Endocrine, Metabolic & Hormonal"
DANTROLENE SODIUM,"Neurology, Psychiatry & Pain"
DAPAGLIFLOZIN PROPANEDIOL,"Endocrine, Metabolic & Hormonal"
DAPAGLIFLOZIN/METFORMIN HCL,"Endocrine, Metabolic & Hormonal"
DAPSONE,Infectious Disease (Antimicrobial/Antiviral/Vaccine)
DAPTOMYCIN,Infectious Disease (Antimicrobial/Antiviral/Vaccine)
DARATUMUMAB,Oncology & Immunology
DARBEPOETIN ALFA IN POLYSORBAT,Oncology & Immunology
DARIFENACIN HYDROBROMIDE,Gastrointestinal & Genitourinary
DARUNAVIR ETHANOLATE,Infectious Disease (Antimicrobial/Antiviral/Vaccine)
DARUNAVIR/COBICISTAT,Infectious Disease (Antimicrobial/Antiviral/Vaccine)
DASATINIB,Oncology & Immunology
DECITABINE,Oncology & Immunology
DEFERASIROX,"Endocrine, Metabolic & Hormonal"
DEFERIPRONE,"Endocrine, Metabolic & Hormonal"
DEFEROXAMINE MESYLATE,"Endocrine, Metabolic & Hormonal"
DEFLAZACORT,"Endocrine, Metabolic & Hormonal"
DEGARELIX ACETATE,Oncology & Immunology
DELAVIRDINE MESYLATE,Infectious Disease (Antimicrobial/Antiviral/Vaccine)
DEMECLOCYCLINE HCL,Infectious Disease (Antimicrobial/Antiviral/Vaccine)
DENOSUMAB,Oncology & Immunology
DESIPRAMINE HCL,"Neurology, Psychiatry & Pain"
DESLORATADINE,Respiratory & Allergy
DESLORATADINE/PSEUDOEPHEDRINE,Respiratory & Allergy
DESMOPRESSIN (NONREFRIGERATED),"Endocrine, Metabolic & Hormonal"
DESMOPRESSIN ACETATE,"Endocrine, Metabolic & Hormonal"
DESOG-E.ESTRADIOL/E.ESTRADIOL,"Endocrine, Metabolic & Hormonal"
DESOGESTREL-ETHINYL ESTRADIOL,"Endocrine, Metabolic & Hormonal"
DESONIDE,Dermatology (Topical)
DESOXIMETASONE,Dermatology (Topical)
DESVENLAFAXINE,"Neurology, Psychiatry & Pain"
DESVENLAFAXINE SUCCINATE,"Neurology, Psychiatry & Pain"
DEUTETRABENAZINE,"Neurology, Psychiatry & Pain"
DEXAMETHASONE,"Endocrine, Metabolic & Hormonal"
DEXAMETHASONE SOD PHOSPHATE,"Endocrine, Metabolic & Hormonal"
DEXAMETHASONE SODIUM PHOSP/PF,"Endocrine, Metabolic & Hormonal"
DEXLANSOPRAZOLE,Gastrointestinal & Genitourinary
DEXMETHYLPHENIDATE HCL,"Neurology, Psychiatry & Pain"
DEXTROAMPHETAMINE SULFATE,"Neurology, Psychiatry & Pain"
DEXTROAMPHETAMINE/AMPHETAMINE,"Neurology, Psychiatry & Pain"
DEXTROMETHORPHAN HBR/QUINIDINE,Cardiovascular & Blood
DEXTROSE 10 % IN WATER,"Nutrition, Fluids, Electrolytes & Supplies"
DEXTROSE 20 % IN WATER,"Nutrition, Fluids, Electrolytes & Supplies"
DEXTROSE 5 % AND 0.9 % NACL,"Nutrition, Fluids, Electrolytes & Supplies"
DEXTROSE 5 % IN WATER,"Nutrition, Fluids, Electrolytes & Supplies"
DEXTROSE 5 %-0.2 % SOD CHLORID,"Nutrition, Fluids, Electrolytes & Supplies"
DEXTROSE 5 %-0.45 % SOD CHLORD,"Nutrition, Fluids, Electrolytes & Supplies"
DEXTROSE 5%-LACTATED RINGERS,"Nutrition, Fluids, Electrolytes & Supplies"
DEXTROSE 50 % IN WATER,"Nutrition, Fluids, Electrolytes & Supplies"
DEXTROSE 70 % IN WATER,"Nutrition, Fluids, Electrolytes & Supplies"
DIAZEPAM,"Neurology, Psychiatry & Pain"
DIAZOXIDE,Cardiovascular & Blood
DICHLORPHENAMIDE,"Neurology, Psychiatry & Pain"
DICLOFENAC EPOLAMINE,"Nutrition, Fluids, Electrolytes & Supplies"
DICLOFENAC POTASSIUM,"Nutrition, Fluids, Electrolytes & Supplies"
DICLOFENAC SODIUM,"Nutrition, Fluids, Electrolytes & Supplies"
DICLOFENAC SODIUM/MISOPROSTOL,Gastrointestinal & Genitourinary
DICLOFENAC SUBMICRONIZED,"Nutrition, Fluids, Electrolytes & Supplies"
DICLOXACILLIN SODIUM,Infectious Disease (Antimicrobial/Antiviral/Vaccine)
DICYCLOMINE HCL,Gastrointestinal & Genitourinary
DIDANOSINE,Infectious Disease (Antimicrobial/Antiviral/Vaccine)
DIFLORASONE DIACETATE,Dermatology (Topical)
DIFLORASONE DIACETATE/EMOLL,Dermatology (Topical)
DIFLUNISAL,"Nutrition, Fluids, Electrolytes & Supplies"
DIFLUPREDNATE,"Nutrition, Fluids, Electrolytes & Supplies"
DIGOXIN,Cardiovascular & Blood
DIHYDROERGOTAMINE MESYLATE,"Neurology, Psychiatry & Pain"
DILTIAZEM HCL,"Nutrition, Fluids, Electrolytes & Supplies"
DIMENHYDRINATE,Respiratory & Allergy
DIMETHYL FUMARATE,"Neurology, Psychiatry & Pain"
DIMETHYL SULFOXIDE,"Nutrition, Fluids, Electrolytes & Supplies"
"DIPH,PERTUS(ACEL),TET,POLIO/PF",Infectious Disease (Antimicrobial/Antiviral/Vaccine)
"DIPH,PERTUSS(ACELL),TET PED/PF",Infectious Disease (Antimicrobial/Antiviral/Vaccine)
"DIPH,PERTUSS(ACELL),TET VAC/PF",Infectious Disease (Antimicrobial/Antiviral/Vaccine)
DIPHENHYDRAMINE HCL,Respiratory & Allergy
DIPHENOXYLATE HCL/ATROPINE,Gastrointestinal & Genitourinary
"DIPHT,PERT(A),TET-POLIO/HIB/PF",Infectious Disease (Antimicrobial/Antiviral/Vaccine)
"DIPHTH,PERTUSS(ACELL),TET VAC",Infectious Disease (Antimicrobial/Antiviral/Vaccine)
DIPYRIDAMOLE,Cardiovascular & Blood
DISOPYRAMIDE PHOSPHATE,Cardiovascular & Blood
DISULFIRAM,"Neurology, Psychiatry & Pain"
DIVALPROEX SODIUM,"Neurology, Psychiatry & Pain"
DOBUTAMINE HCL,Cardiovascular & Blood
DOBUTAMINE HCL IN DEXTROSE 5 %,Cardiovascular & Blood
DOCETAXEL,Oncology & Immunology
DOFETILIDE,Cardiovascular & Blood
DOLASETRON MESYLATE,Gastrointestinal & Genitourinary
DOLUTEGRAVIR SODIUM,Infectious Disease (Antimicrobial/Antiviral/Vaccine)
DOLUTEGRAVIR/RILPIVIRINE,Infectious Disease (Antimicrobial/Antiviral/Vaccine)
DONEPEZIL HCL,"Neurology, Psychiatry & Pain"
DOPAMINE HCL,Cardiovascular & Blood
DORIPENEM,Infectious Disease (Antimicrobial/Antiviral/Vaccine)
DORNASE ALFA,Respiratory & Allergy
DORZOLAMIDE HCL,Ophthalmic & Otic
DORZOLAMIDE HCL/TIMOLOL MALEAT,Ophthalmic & Otic
DORZOLAMIDE/TIMOLOL/PF,Ophthalmic & Otic
DOXAZOSIN MESYLATE,Gastrointestinal & Genitourinary
DOXEPIN HCL,"Neurology, Psychiatry & Pain"
DOXERCALCIFEROL,"Endocrine, Metabolic & Hormonal"
DOXORUBICIN HCL,Oncology & Immunology
DOXORUBICIN HCL PEG-LIPOSOMAL,Oncology & Immunology
DOXYCYCLINE CALCIUM,Infectious Disease (Antimicrobial/Antiviral/Vaccine)
DOXYCYCLINE HYCLATE,Infectious Disease (Antimicrobial/Antiviral/Vaccine)
DOXYCYCLINE MONOHYDRATE,Infectious Disease (Antimicrobial/Antiviral/Vaccine)
DRONABINOL,"Neurology, Psychiatry & Pain"
DRONEDARONE HCL,"Nutrition, Fluids, Electrolytes & Supplies"
DROSPIR/ETH ESTRA/LEVOMEFOL CA,"Nutrition, Fluids, Electrolytes & Supplies"
DROSPIRENONE/ESTRADIOL,"Endocrine, Metabolic & Hormonal"
DROXIDOPA,Cardiovascular & Blood
DULAGLUTIDE,"Endocrine, Metabolic & Hormonal"
DULOXETINE HCL,"Neurology, Psychiatry & Pain"
DUPILUMAB,Oncology & Immunology
DURVALUMAB,Oncology & Immunology
DUTASTERIDE,Gastrointestinal & Genitourinary
DUTASTERIDE/TAMSULOSIN HCL,Gastrointestinal & Genitourinary
ECALLANTIDE,"Nutrition, Fluids, Electrolytes & Supplies"
ECHOTHIOPHATE IODIDE,Ophthalmic & Otic
ECONAZOLE NITRATE,Dermatology (Topical)
ECULIZUMAB,Oncology & Immunology
EDARAVONE,"Neurology, Psychiatry & Pain"
EDOXABAN TOSYLATE,Cardiovascular & Blood
EFAVIRENZ,Infectious Disease (Antimicrobial/Antiviral/Vaccine)
EFAVIRENZ/EMTRICIT/TENOFOVR DF,Infectious Disease (Antimicrobial/Antiviral/Vaccine)
EFINACONAZOLE,Dermatology (Topical)
ELBASVIR/GRAZOPREVIR,Infectious Disease (Antimicrobial/Antiviral/Vaccine)
ELECTROLYTE-A SOLUTION,"Nutrition, Fluids, Electrolytes & Supplies"
ELECTROLYTE-R (PH 7.4),"Nutrition, Fluids, Electrolytes & Supplies"
ELETRIPTAN HBR,"Neurology, Psychiatry & Pain"
ELIGLUSTAT TARTRATE,"Endocrine, Metabolic & Hormonal"
ELOSULFASE ALFA,"Endocrine, Metabolic & Hormonal"
ELOTUZUMAB,Oncology & Immunology
ELTROMBOPAG OLAMINE,Oncology & Immunology
ELUXADOLINE,Gastrointestinal & Genitourinary
ELVITEG/COB/EMTRI/TENOF ALAFEN,"Nutrition, Fluids, Electrolytes & Supplies"
ELVITEG/COB/EMTRI/TENOFO DISOP,"Nutrition, Fluids, Electrolytes & Supplies"
ELVITEGRAVIR,Infectious Disease (Antimicrobial/Antiviral/Vaccine)
EMEDASTINE DIFUMARATE,Ophthalmic & Otic
EMPAGLIFLOZIN,"Endocrine, Metabolic & Hormonal"
EMPAGLIFLOZIN/LINAGLIPTIN,"Endocrine, Metabolic & Hormonal"
EMPAGLIFLOZIN/METFORMIN HCL,"Endocrine, Metabolic & Hormonal"
EMTRICITA/RILPIVIRINE/TENOF DF,Infectious Disease (Antimicrobial/Antiviral/Vaccine)
EMTRICITAB/RILPIVIRI/TENOF ALA,Infectious Disease (Antimicrobial/Antiviral/Vaccine)
EMTRICITABINE,Infectious Disease (Antimicrobial/Antiviral/Vaccine)
EMTRICITABINE/TENOFOV ALAFENAM,Infectious Disease (Antimicrobial/Antiviral/Vaccine)
EMTRICITABINE/TENOFOVIR (TDF),Infectious Disease (Antimicrobial/Antiviral/Vaccine)
ENALAPRIL MALEATE,Cardiovascular & Blood
ENALAPRIL/HYDROCHLOROTHIAZIDE,Cardiovascular & Blood
ENASIDENIB MESYLATE,"Nutrition, Fluids, Electrolytes & Supplies"
ENFUVIRTIDE,Infectious Disease (Antimicrobial/Antiviral/Vaccine)
ENOXAPARIN SODIUM,Cardiovascular & Blood
ENTACAPONE,"Neurology, Psychiatry & Pain"
ENTECAVIR,Infectious Disease (Antimicrobial/Antiviral/Vaccine)
ENZALUTAMIDE,Oncology & Immunology
EPINASTINE HCL,Ophthalmic & Otic
EPINEPHRINE,Cardiovascular & Blood
EPIRUBICIN HCL,Oncology & Immunology
EPLERENONE,Cardiovascular & Blood
EPOETIN ALFA,Oncology & Immunology
EPOPROSTENOL SODIUM (ARGININE),Cardiovascular & Blood
EPOPROSTENOL SODIUM (GLYCINE),Cardiovascular & Blood
EPROSARTAN MESYLATE,Cardiovascular & Blood
ERGOCALCIFEROL (VITAMIN D2),"Endocrine, Metabolic & Hormonal"
ERGOLOID MESYLATES,"Nutrition, Fluids, Electrolytes & Supplies"
ERGOTAMINE TARTRATE,"Neurology, Psychiatry & Pain"
ERGOTAMINE TARTRATE/CAFFEINE,"Neurology, Psychiatry & Pain"
ERIBULIN MESYLATE,Oncology & Immunology
ERLOTINIB HCL,Oncology & Immunology
ERTAPENEM SODIUM,Infectious Disease (Antimicrobial/Antiviral/Vaccine)
ERYTHROMYCIN BASE,Infectious Disease (Antimicrobial/Antiviral/Vaccine)
ERYTHROMYCIN BASE/ETHANOL,Infectious Disease (Antimicrobial/Antiviral/Vaccine)
ERYTHROMYCIN ETHYLSUCCINATE,Infectious Disease (Antimicrobial/Antiviral/Vaccine)
ERYTHROMYCIN LACTOBIONATE,Infectious Disease (Antimicrobial/Antiviral/Vaccine)
ERYTHROMYCIN STEARATE,Infectious Disease (Antimicrobial/Antiviral/Vaccine)
ERYTHROMYCIN/BENZOYL PEROXIDE,Dermatology (Topical)
ESCITALOPRAM OXALATE,"Neurology, Psychiatry & Pain"
ESLICARBAZEPINE ACETATE,"Neurology, Psychiatry & Pain"
ESOMEPRAZOLE MAGNESIUM,Gastrointestinal & Genitourinary
ESOMEPRAZOLE SODIUM,Gastrointestinal & Genitourinary
ESTAZOLAM,"Neurology, Psychiatry & Pain"
ESTRADIOL,"Endocrine, Metabolic & Hormonal"
ESTRADIOL ACETATE,"Endocrine, Metabolic & Hormonal"
ESTRADIOL CYPIONATE,"Endocrine, Metabolic & Hormonal"
ESTRADIOL VALERATE,Dermatology (Topical)
ESTRADIOL VALERATE/DIENOGEST,Dermatology (Topical)
ESTRADIOL/LEVONORGESTREL,"Endocrine, Metabolic & Hormonal"
ESTRADIOL/NORETHINDRONE ACET,"Endocrine, Metabolic & Hormonal"
ESTRADIOL/NORGESTIMATE,"Endocrine, Metabolic & Hormonal"
ESTRAMUSTINE PHOSPHATE SODIUM,Oncology & Immunology
"ESTROGEN,CON/M-PROGEST ACET","Endocrine, Metabolic & Hormonal"
"ESTROGENS, CONJUGATED","Endocrine, Metabolic & Hormonal"
"ESTROGENS,CONJ.,SYNTHETIC B","Endocrine, Metabolic & Hormonal"
"ESTROGENS,CONJ/BAZEDOXIFENE","Endocrine, Metabolic & Hormonal"
"ESTROGENS,ESTERIFIED","Endocrine, Metabolic & Hormonal"
ESTROPIPATE,"Endocrine, Metabolic & Hormonal"
ESZOPICLONE,"Neurology, Psychiatry & Pain"
ETANERCEPT,"Nutrition, Fluids, Electrolytes & Supplies"
ETEPLIRSEN,"Nutrition, Fluids, Electrolytes & Supplies"
ETHACRYNIC ACID,Cardiovascular & Blood
ETHAMBUTOL HCL,Infectious Disease (Antimicrobial/Antiviral/Vaccine)
ETHINYL ESTRADIOL/DROSPIRENONE,"Endocrine, Metabolic & Hormonal"
ETHIONAMIDE,Infectious Disease (Antimicrobial/Antiviral/Vaccine)
ETHOSUXIMIDE,"Neurology, Psychiatry & Pain"
ETHOTOIN,"Nutrition, Fluids, Electrolytes & Supplies"
ETHYNODIOL D-ETHINYL ESTRADIOL,"Endocrine, Metabolic & Hormonal"
ETIDRONATE DISODIUM,"Endocrine, Metabolic & Hormonal"
ETODOLAC,"Nutrition, Fluids, Electrolytes & Supplies"
ETONOGESTREL,"Endocrine, Metabolic & Hormonal"
ETONOGESTREL/ETHINYL ESTRADIOL,"Endocrine, Metabolic & Hormonal"
ETOPOSIDE,Oncology & Immunology
ETRAVIRINE,Infectious Disease (Antimicrobial/Antiviral/Vaccine)
EVEROLIMUS,Oncology & Immunology
EVOLOCUMAB,Oncology & Immunology
EXEMESTANE,Oncology & Immunology
EXENATIDE,"Endocrine, Metabolic & Hormonal"
EXENATIDE MICROSPHERES,"Endocrine, Metabolic & Hormonal"
EZETIMIBE,"Endocrine, Metabolic & Hormonal"
EZETIMIBE/SIMVASTATIN,Cardiovascular & Blood
EZOGABINE,"Neurology, Psychiatry & Pain"
FAMCICLOVIR,Infectious Disease (Antimicrobial/Antiviral/Vaccine)
FAMOTIDINE,Gastrointestinal & Genitourinary
"FAMOTIDINE IN NACL,ISO-OSM/PF",Gastrointestinal & Genitourinary
FAMOTIDINE/PF,Gastrointestinal & Genitourinary
FAT EMUL/SOY/MCT/OLIV/FISH OIL,"Nutrition, Fluids, Electrolytes & Supplies"
FAT EMULSIONS,"Nutrition, Fluids, Electrolytes & Supplies"
FEBUXOSTAT,"Endocrine, Metabolic & Hormonal"
FELBAMATE,"Neurology, Psychiatry & Pain"
FELODIPINE,Cardiovascular & Blood
FENOFIBRATE,"Endocrine, Metabolic & Hormonal"
FENOFIBRATE NANOCRYSTALLIZED,"Endocrine, Metabolic & Hormonal"
"FENOFIBRATE,MICRONIZED","Endocrine, Metabolic & Hormonal"
FENOFIBRIC ACID,"Endocrine, Metabolic & Hormonal"
FENOFIBRIC ACID (CHOLINE),"Endocrine, Metabolic & Hormonal"
FENOPROFEN CALCIUM,"Nutrition, Fluids, Electrolytes & Supplies"
FENTANYL,"Neurology, Psychiatry & Pain"
FENTANYL CITRATE,"Neurology, Psychiatry & Pain"
FENTANYL CITRATE/PF,"Neurology, Psychiatry & Pain"
FERRIC CITRATE,"Endocrine, Metabolic & Hormonal"
FESOTERODINE FUMARATE,Gastrointestinal & Genitourinary
FEXOFENADINE HCL,Respiratory & Allergy
FIBRINOGEN,"Nutrition, Fluids, Electrolytes & Supplies"
FIDAXOMICIN,Infectious Disease (Antimicrobial/Antiviral/Vaccine)
FILGRASTIM,Oncology & Immunology
FILGRASTIM-SNDZ,Oncology & Immunology
FINASTERIDE,Gastrointestinal & Genitourinary
FINGOLIMOD HCL,"Neurology, Psychiatry & Pain"
FLAVOXATE HCL,"Nutrition, Fluids, Electrolytes & Supplies"
FLECAINIDE ACETATE,Cardiovascular & Blood
FLOXURIDINE,Oncology & Immunology
FLUCONAZOLE,Infectious Disease (Antimicrobial/Antiviral/Vaccine)
"FLUCONAZOLE IN DEXTROSE,ISO-OS",Infectious Disease (Antimicrobial/Antiviral/Vaccine)
"FLUCONAZOLE IN NACL,ISO-OSM",Infectious Disease (Antimicrobial/Antiviral/Vaccine)
FLUCYTOSINE,Infectious Disease (Antimicrobial/Antiviral/Vaccine)
FLUDARABINE PHOSPHATE,Oncology & Immunology
FLUDROCORTISONE ACETATE,"Endocrine, Metabolic & Hormonal"
FLUMAZENIL,"Neurology, Psychiatry & Pain"
FLUNISOLIDE,Respiratory & Allergy
FLUOCINOLONE ACETONIDE,Dermatology (Topical)
FLUOCINOLONE ACETONIDE OIL,Dermatology (Topical)
FLUOCINOLONE/SHOWER CAP,Dermatology (Topical)
FLUOCINONIDE,Dermatology (Topical)
FLUOCINONIDE/EMOLLIENT BASE,Dermatology (Topical)
FLUORIDE (SODIUM),"Nutrition, Fluids, Electrolytes & Supplies"
FLUOROMETHOLONE,Ophthalmic & Otic
FLUOROMETHOLONE ACETATE,Ophthalmic & Otic
FLUOROURACIL,Oncology & Immunology
FLUOXETINE HCL,"Neurology, Psychiatry & Pain"
FLUOXYMESTERONE,"Endocrine, Metabolic & Hormonal"
FLUPHENAZINE DECANOATE,"Neurology, Psychiatry & Pain"
FLUPHENAZINE HCL,"Neurology, Psychiatry & Pain"
FLURANDRENOLIDE,Dermatology (Topical)
FLURAZEPAM HCL,"Neurology, Psychiatry & Pain"
FLURBIPROFEN,"Nutrition, Fluids, Electrolytes & Supplies"
FLURBIPROFEN SODIUM,"Nutrition, Fluids, Electrolytes & Supplies"
FLUTAMIDE,Oncology & Immunology
FLUTICASONE FUROATE,Respiratory & Allergy
FLUTICASONE PROPIONATE,Respiratory & Allergy
FLUTICASONE/SALMETEROL,Respiratory & Allergy
FLUTICASONE/UMECLIDIN/VILANTER,Respiratory & Allergy
FLUTICASONE/VILANTEROL,Respiratory & Allergy
FLUVASTATIN SODIUM,Cardiovascular & Blood
FLUVOXAMINE MALEATE,"Neurology, Psychiatry & Pain"
FOLIC ACID,"Nutrition, Fluids, Electrolytes & Supplies"
FOLIC ACID/B CPLX/C/SELEN/ZINC,"Nutrition, Fluids, Electrolytes & Supplies"
FOLIC ACID/VIT B COMPLEX AND C,"Nutrition, Fluids, Electrolytes & Supplies"
FONDAPARINUX SODIUM,Cardiovascular & Blood
FORMOTEROL FUMARATE,Respiratory & Allergy
FOSAMPRENAVIR CALCIUM,Infectious Disease (Antimicrobial/Antiviral/Vaccine)
FOSAPREPITANT DIMEGLUMINE,Gastrointestinal & Genitourinary
FOSFOMYCIN TROMETHAMINE,Infectious Disease (Antimicrobial/Antiviral/Vaccine)
FOSINOPRIL SODIUM,Cardiovascular & Blood
FOSINOPRIL/HYDROCHLOROTHIAZIDE,Cardiovascular & Blood
FOSPHENYTOIN SODIUM,"Neurology, Psychiatry & Pain"
FROVATRIPTAN SUCCINATE,"Neurology, Psychiatry & Pain"
FULVESTRANT,Oncology & Immunology
FUROSEMIDE,Cardiovascular & Blood
GABAPENTIN,"Neurology, Psychiatry & Pain"
GABAPENTIN ENACARBIL,"Neurology, Psychiatry & Pain"
GALANTAMINE HBR,"Neurology, Psychiatry & Pain"
GALSULFASE,"Endocrine, Metabolic & Hormonal"
GANCICLOVIR,Infectious Disease (Antimicrobial/Antiviral/Vaccine)
GANCICLOVIR SODIUM,Infectious Disease (Antimicrobial/Antiviral/Vaccine)
GATIFLOXACIN,Ophthalmic & Otic
GAUZE BANDAGE,"Nutrition, Fluids, Electrolytes & Supplies"
GEFITINIB,Oncology & Immunology
GEMCITABINE HCL,Oncology & Immunology
GEMFIBROZIL,"Endocrine, Metabolic & Hormonal"
"GENTAMICIN IN NACL, ISO-OSM",Infectious Disease (Antimicrobial/Antiviral/Vaccine)
GENTAMICIN SULF/PREDNISOLONE,Ophthalmic & Otic
GENTAMICIN SULFATE,Infectious Disease (Antimicrobial/Antiviral/Vaccine)
GENTAMICIN SULFATE/PF,Infectious Disease (Antimicrobial/Antiviral/Vaccine)
GLATIRAMER ACETATE,Oncology & Immunology
GLECAPREVIR/PIBRENTASVIR,Infectious Disease (Antimicrobial/Antiviral/Vaccine)
GLIMEPIRIDE,"Endocrine, Metabolic & Hormonal"
GLIPIZIDE,"Endocrine, Metabolic & Hormonal"
GLIPIZIDE/METFORMIN HCL,"Endocrine, Metabolic & Hormonal"
GLUCAGON HCL,"Endocrine, Metabolic & Hormonal"
"GLUCAGON,HUMAN RECOMBINANT","Endocrine, Metabolic & Hormonal"
GLYBURIDE,"Endocrine, Metabolic & Hormonal"
"GLYBURIDE,MICRONIZED","Endocrine, Metabolic & Hormonal"
GLYBURIDE/METFORMIN HCL,"Endocrine, Metabolic & Hormonal"
GLYCEROL PHENYLBUTYRATE,Dermatology (Topical)
GLYCOPYRROLATE,Gastrointestinal & Genitourinary
GLYCOPYRROLATE/FORMOTEROL FUM,Respiratory & Allergy
GOLIMUMAB,Oncology & Immunology
GOSERELIN ACETATE,Oncology & Immunology
GR POL-ORC/SW VER/RYE/KENT/TIM,"Nutrition, Fluids, Electrolytes & Supplies"
GRANISETRON,Gastrointestinal & Genitourinary
GRANISETRON HCL,Gastrointestinal & Genitourinary
GRANISETRON HCL/PF,Gastrointestinal & Genitourinary
"GRASS POLLEN-TIMOTHY, STANDARD","Nutrition, Fluids, Electrolytes & Supplies"
GRISEOFULVIN ULTRAMICROSIZE,Infectious Disease (Antimicrobial/Antiviral/Vaccine)
"GRISEOFULVIN, MICROSIZE",Infectious Disease (Antimicrobial/Antiviral/Vaccine)
GUANFACINE HCL,"Neurology, Psychiatry & Pain"
GUANIDINE HCL,"Nutrition, Fluids, Electrolytes & Supplies"
GUSELKUMAB,Oncology & Immunology
HAEMOPH B POLY CONJ-TET TOX/PF,Infectious Disease (Antimicrobial/Antiviral/Vaccine)
HAEMPH B POLYSAC CONJ-MENIN/PF,Infectious Disease (Antimicrobial/Antiviral/Vaccine)
HALCINONIDE,Dermatology (Topical)
HALOBETASOL PROPIONATE,Dermatology (Topical)
HALOPERIDOL,"Neurology, Psychiatry & Pain"
HALOPERIDOL DECANOATE,"Neurology, Psychiatry & Pain"
HALOPERIDOL LACTATE,"Neurology, Psychiatry & Pain"
HEP B VACCINE/DP(A)T-POLIO/PF,Infectious Disease (Antimicrobial/Antiviral/Vaccine)
"HEPARIN SOD,PORK IN 0.45% NACL",Cardiovascular & Blood
"HEPARIN SODIUM,PORCINE",Cardiovascular & Blood
"HEPARIN SODIUM,PORCINE/D5W",Cardiovascular & Blood
"HEPARIN SODIUM,PORCINE/PF",Cardiovascular & Blood
HEPATITIS A AND B VACCINE/PF,Infectious Disease (Antimicrobial/Antiviral/Vaccine)
HEPATITIS A VIRUS VACCINE/PF,Infectious Disease (Antimicrobial/Antiviral/Vaccine)
HEPATITIS B IMMUN GLOB/MALTOSE,Infectious Disease (Antimicrobial/Antiviral/Vaccine)
HEPATITIS B IMMUNE GLOBULIN,Infectious Disease (Antimicrobial/Antiviral/Vaccine)
HEPATITIS B VIRUS VACCINE/PF,Infectious Disease (Antimicrobial/Antiviral/Vaccine)
HISTRELIN ACETATE,Oncology & Immunology
HOMATROPINE HBR,"Nutrition, Fluids, Electrolytes & Supplies"
HPV VACCINE 9-VALENT/PF,Infectious Disease (Antimicrobial/Antiviral/Vaccine)
"HUMAN PAPILOMVIRUS VAC,QVAL/PF",Infectious Disease (Antimicrobial/Antiviral/Vaccine)
HYDRALAZINE HCL,Cardiovascular & Blood
HYDROCHLOROTHIAZIDE,Cardiovascular & Blood
HYDROCODONE BIT/HOMATROP ME-BR,"Neurology, Psychiatry & Pain"
HYDROCODONE BITARTRATE,"Neurology, Psychiatry & Pain"
HYDROCODONE/ACETAMINOPHEN,"Neurology, Psychiatry & Pain"
HYDROCODONE/CHLORPHEN P-STIREX,"Neurology, Psychiatry & Pain"
HYDROCODONE/IBUPROFEN,"Neurology, Psychiatry & Pain"
"HYDROCORT/MIN OIL/PETROLAT,WHT","Nutrition, Fluids, Electrolytes & Supplies"
HYDROCORTISONE,"Nutrition, Fluids, Electrolytes & Supplies"
HYDROCORTISONE ACETATE,"Endocrine, Metabolic & Hormonal"
HYDROCORTISONE BUTYRATE,Dermatology (Topical)
HYDROCORTISONE BUTYRATE/EMOLL,Dermatology (Topical)
HYDROCORTISONE PROBUTATE,"Endocrine, Metabolic & Hormonal"
HYDROCORTISONE SOD SUCCINATE,"Endocrine, Metabolic & Hormonal"
HYDROCORTISONE SODIUM SUCC/PF,"Endocrine, Metabolic & Hormonal"
HYDROCORTISONE VALERATE,Dermatology (Topical)
HYDROCORTISONE/ACETIC ACID,"Nutrition, Fluids, Electrolytes & Supplies"
HYDROCORTISONE/PRAMOXINE,"Nutrition, Fluids, Electrolytes & Supplies"
HYDROMORPHONE HCL,"Neurology, Psychiatry & Pain"
HYDROMORPHONE HCL/PF,"Neurology, Psychiatry & Pain"
HYDROXYCHLOROQUINE SULFATE,Infectious Disease (Antimicrobial/Antiviral/Vaccine)
HYDROXYPROGESTERONE CAPROAT/PF,"Endocrine, Metabolic & Hormonal"
HYDROXYPROGESTERONE CAPROATE,"Endocrine, Metabolic & Hormonal"
HYDROXYPROPYL CELLULOSE,"Nutrition, Fluids, Electrolytes & Supplies"
HYDROXYUREA,Oncology & Immunology
HYDROXYZINE HCL,Respiratory & Allergy
HYDROXYZINE PAMOATE,Respiratory & Allergy
HYOSCYAMINE SULFATE,Gastrointestinal & Genitourinary
IBANDRONATE SODIUM,"Endocrine, Metabolic & Hormonal"
IBRUTINIB,Oncology & Immunology
IBUPROFEN,"Nutrition, Fluids, Electrolytes & Supplies"
IBUPROFEN/FAMOTIDINE,Gastrointestinal & Genitourinary
IBUPROFEN/OXYCODONE HCL,"Neurology, Psychiatry & Pain"
ICATIBANT ACETATE,"Nutrition, Fluids, Electrolytes & Supplies"
ICOSAPENT ETHYL,"Endocrine, Metabolic & Hormonal"
IDELALISIB,"Nutrition, Fluids, Electrolytes & Supplies"
IDURSULFASE,"Endocrine, Metabolic & Hormonal"
IFOSFAMIDE,Oncology & Immunology
"IGG/HYALURONIDASE,RECOMBINANT","Nutrition, Fluids, Electrolytes & Supplies"
ILOPERIDONE,"Neurology, Psychiatry & Pain"
ILOPROST TROMETHAMINE,Cardiovascular & Blood
IMATINIB MESYLATE,Oncology & Immunology
IMIGLUCERASE,"Endocrine, Metabolic & Hormonal"
IMIPENEM/CILASTATIN SODIUM,Infectious Disease (Antimicrobial/Antiviral/Vaccine)
IMIPRAMINE HCL,"Neurology, Psychiatry & Pain"
IMIPRAMINE PAMOATE,"Neurology, Psychiatry & Pain"
IMIQUIMOD,Dermatology (Topical)
IMM GLOB G (IGG)/SORB/IGA 0-50,"Nutrition, Fluids, Electrolytes & Supplies"
IMMUN GLOB G(IGG)/GLY/IGA 0-50,Infectious Disease (Antimicrobial/Antiviral/Vaccine)
IMMUN GLOB G(IGG)/GLY/IGA OV50,Infectious Disease (Antimicrobial/Antiviral/Vaccine)
IMMUN GLOB G(IGG)/PRO/IGA 0-50,Infectious Disease (Antimicrobial/Antiviral/Vaccine)
IMMUN GLOB G/GLY/GLUC/IGA 0-50,Infectious Disease (Antimicrobial/Antiviral/Vaccine)
IMMUN GLOB G/SORB/GLY/IGA 0-50,Infectious Disease (Antimicrobial/Antiviral/Vaccine)
IMMUN GLOBG(IGG)/MALT/IGA OV50,Infectious Disease (Antimicrobial/Antiviral/Vaccine)
IMMUN GLOBG(IGG)/SUCR/IGA OV50,Infectious Disease (Antimicrobial/Antiviral/Vaccine)
IMMUNE GLOBUL G (IGG)/GLYCINE,Infectious Disease (Antimicrobial/Antiviral/Vaccine)
IMMUNE GLOBUL G/GLY/IGA AVG 46,Infectious Disease (Antimicrobial/Antiviral/Vaccine)
INCOBOTULINUMTOXINA,"Nutrition, Fluids, Electrolytes & Supplies"
INDACATEROL MALEATE,Respiratory & Allergy
INDACATEROL/GLYCOPYRROLATE,Respiratory & Allergy
INDAPAMIDE,Cardiovascular & Blood
INDINAVIR SULFATE,Infectious Disease (Antimicrobial/Antiviral/Vaccine)
INDOMETHACIN,"Nutrition, Fluids, Electrolytes & Supplies"
"INDOMETHACIN, SUBMICRONIZED","Nutrition, Fluids, Electrolytes & Supplies"
INFLIXIMAB,Oncology & Immunology
INFLIXIMAB-DYYB,Oncology & Immunology
INGENOL MEBUTATE,Dermatology (Topical)
INSULIN ADMIN. SUPPLIES,"Endocrine, Metabolic & Hormonal"
INSULIN ASPART,"Endocrine, Metabolic & Hormonal"
INSULIN ASPART PROT/INSULN ASP,"Endocrine, Metabolic & Hormonal"
INSULIN DEGLUDEC,"Endocrine, Metabolic & Hormonal"
INSULIN DEGLUDEC/LIRAGLUTIDE,"Endocrine, Metabolic & Hormonal"
INSULIN DETEMIR,"Endocrine, Metabolic & Hormonal"
"INSULIN GLARGINE,HUM.REC.ANLOG","Endocrine, Metabolic & Hormonal"
INSULIN GLARGINE/LIXISENATIDE,"Endocrine, Metabolic & Hormonal"
INSULIN GLULISINE,"Endocrine, Metabolic & Hormonal"
INSULIN LISPRO,"Endocrine, Metabolic & Hormonal"
INSULIN LISPRO PROTAMIN/LISPRO,"Endocrine, Metabolic & Hormonal"
INSULIN NPH HUM/REG INSULIN HM,"Endocrine, Metabolic & Hormonal"
INSULIN NPH HUMAN ISOPHANE,"Endocrine, Metabolic & Hormonal"
INSULIN PUMP CARTRIDGE,"Endocrine, Metabolic & Hormonal"
"INSULIN REGULAR, HUMAN","Endocrine, Metabolic & Hormonal"
"INTERFERON ALFA-2B,RECOMB.",Oncology & Immunology
INTERFERON BETA-1A,Oncology & Immunology
INTERFERON BETA-1A/ALBUMIN,Oncology & Immunology
INTERFERON BETA-1B,Oncology & Immunology
"INTERFERON GAMMA-1B,RECOMB.",Oncology & Immunology
IPILIMUMAB,Oncology & Immunology
IPRATROPIUM BROMIDE,"Neurology, Psychiatry & Pain"
IPRATROPIUM/ALBUTEROL SULFATE,"Neurology, Psychiatry & Pain"
IRBESARTAN,Cardiovascular & Blood
IRBESARTAN/HYDROCHLOROTHIAZIDE,Cardiovascular & Blood
IRINOTECAN HCL,Oncology & Immunology
IRINOTECAN LIPOSOMAL,Oncology & Immunology
"IRON CARB,GL/FA/B12/C/DOCUSATE","Nutrition, Fluids, Electrolytes & Supplies"
"IRON FUM,PS/FOLIC ACID/VITC/B3","Nutrition, Fluids, Electrolytes & Supplies"
"IRON FUM/FOLIC ACID/MV,MIN 15","Nutrition, Fluids, Electrolytes & Supplies"
"IRON,FM,PS/FOLIC/B,C18/L.CASEI","Nutrition, Fluids, Electrolytes & Supplies"
ISAVUCONAZONIUM SULFATE,Infectious Disease (Antimicrobial/Antiviral/Vaccine)
ISOCARBOXAZID,"Neurology, Psychiatry & Pain"
ISONIAZID,Infectious Disease (Antimicrobial/Antiviral/Vaccine)
ISOSORBIDE DINIT/HYDRALAZINE,Cardiovascular & Blood
ISOSORBIDE DINITRATE,Cardiovascular & Blood
ISOSORBIDE MONONITRATE,Cardiovascular & Blood
ISOTRETINOIN,Dermatology (Topical)
ISRADIPINE,Cardiovascular & Blood
ITRACONAZOLE,Infectious Disease (Antimicrobial/Antiviral/Vaccine)
IVABRADINE HCL,Cardiovascular & Blood
IVACAFTOR,Respiratory & Allergy
IVERMECTIN,Infectious Disease (Antimicrobial/Antiviral/Vaccine)
IXABEPILONE,Oncology & Immunology
IXAZOMIB CITRATE,Oncology & Immunology
IXEKIZUMAB,Oncology & Immunology
JAPANESE ENCEPHALITIS VACC/PF,Infectious Disease (Antimicrobial/Antiviral/Vaccine)
KETOCONAZOLE,Infectious Disease (Antimicrobial/Antiviral/Vaccine)
KETOPROFEN,"Nutrition, Fluids, Electrolytes & Supplies"
KETOROLAC TROMETHAMINE,"Nutrition, Fluids, Electrolytes & Supplies"
KETOROLAC TROMETHAMINE/PF,Ophthalmic & Otic
L-NORGEST/E.ESTRADIOL-E.ESTRAD,"Endocrine, Metabolic & Hormonal"
LABETALOL HCL,"Nutrition, Fluids, Electrolytes & Supplies"
LACOSAMIDE,"Neurology, Psychiatry & Pain"
LACTULOSE,Gastrointestinal & Genitourinary
LAMIVUDINE,Infectious Disease (Antimicrobial/Antiviral/Vaccine)
LAMIVUDINE/ZIDOVUDINE,Infectious Disease (Antimicrobial/Antiviral/Vaccine)
LAMOTRIGINE,"Neurology, Psychiatry & Pain"
LANCETS,"Nutrition, Fluids, Electrolytes & Supplies"
LANREOTIDE ACETATE,"Endocrine, Metabolic & Hormonal"
LANSOPRAZOLE,Gastrointestinal & Genitourinary
LANSOPRAZOLE/AMOXICILN/CLARITH,Gastrointestinal & Genitourinary
LANTHANUM CARBONATE,"Endocrine, Metabolic & Hormonal"
LAPATINIB DITOSYLATE,Oncology & Immunology
LARONIDASE,"Endocrine, Metabolic & Hormonal"
LATANOPROST,Ophthalmic & Otic
LATANOPROSTENE BUNOD,Ophthalmic & Otic
LEDIPASVIR/SOFOSBUVIR,Infectious Disease (Antimicrobial/Antiviral/Vaccine)
LEFLUNOMIDE,Oncology & Immunology
LENALIDOMIDE,Oncology & Immunology
LENVATINIB MESYLATE,Oncology & Immunology
LESINURAD,"Endocrine, Metabolic & Hormonal"
LESINURAD/ALLOPURINOL,"Endocrine, Metabolic & Hormonal"
LETROZOLE,Oncology & Immunology
LEUCOVORIN CALCIUM,Oncology & Immunology
LEUPROLIDE ACETATE,Oncology & Immunology
LEUPROLIDE/NORETHINDRONE ACET,Oncology & Immunology
LEVALBUTEROL HCL,Respiratory & Allergy
LEVALBUTEROL TARTRATE,Respiratory & Allergy
LEVETIRACETAM,"Neurology, Psychiatry & Pain"
LEVETIRACETAM IN NACL (ISO-OS),"Neurology, Psychiatry & Pain"
LEVOBUNOLOL HCL,Ophthalmic & Otic
LEVOCARNITINE,"Nutrition, Fluids, Electrolytes & Supplies"
LEVOCARNITINE (WITH SUGAR),"Nutrition, Fluids, Electrolytes & Supplies"
LEVOCETIRIZINE DIHYDROCHLORIDE,Respiratory & Allergy
LEVOFLOXACIN,Infectious Disease (Antimicrobial/Antiviral/Vaccine)
LEVOFLOXACIN IN DEXTROSE 5 %,Infectious Disease (Antimicrobial/Antiviral/Vaccine)
LEVOLEUCOVORIN CALCIUM,Oncology & Immunology
LEVOMILNACIPRAN HCL,"Neurology, Psychiatry & Pain"
LEVONORGESTREL,"Endocrine, Metabolic & Hormonal"
LEVONORGESTREL-ETHIN ESTRADIOL,"Endocrine, Metabolic & Hormonal"
LEVORPHANOL TARTRATE,"Neurology, Psychiatry & Pain"
LEVOTHYROXINE SODIUM,"Endocrine, Metabolic & Hormonal"
LIDOCAINE,"Neurology, Psychiatry & Pain"
LIDOCAINE HCL,"Neurology, Psychiatry & Pain"
LIDOCAINE HCL/EPINEPHRINE,Cardiovascular & Blood
LIDOCAINE HCL/PF,"Neurology, Psychiatry & Pain"
LIDOCAINE/HYDROCORTISONE AC,"Neurology, Psychiatry & Pain"
LIDOCAINE/PRILOCAINE,Cardiovascular & Blood
LIDOCAINE/TETRACAINE,"Neurology, Psychiatry & Pain"
LIFITEGRAST,Ophthalmic & Otic
LINACLOTIDE,Gastrointestinal & Genitourinary
LINAGLIPTIN,"Endocrine, Metabolic & Hormonal"
LINAGLIPTIN/METFORMIN HCL,"Endocrine, Metabolic & Hormonal"
LINCOMYCIN HCL,Infectious Disease (Antimicrobial/Antiviral/Vaccine)
LINDANE,Dermatology (Topical)
LINEZOLID,Infectious Disease (Antimicrobial/Antiviral/Vaccine)
LINEZOLID-0.9% SODIUM CHLORIDE,Infectious Disease (Antimicrobial/Antiviral/Vaccine)
LIOTHYRONINE SODIUM,"Endocrine, Metabolic & Hormonal"
LIPASE/PROTEASE/AMYLASE,"Nutrition, Fluids, Electrolytes & Supplies"
LIRAGLUTIDE,"Endocrine, Metabolic & Hormonal"
LISDEXAMFETAMINE DIMESYLATE,"Neurology, Psychiatry & Pain"
LISINOPRIL,Cardiovascular & Blood
LISINOPRIL/HYDROCHLOROTHIAZIDE,Cardiovascular & Blood
LITHIUM CARBONATE,"Neurology, Psychiatry & Pain"
LITHIUM CITRATE,"Neurology, Psychiatry & Pain"
LIXISENATIDE,"Endocrine, Metabolic & Hormonal"
LODOXAMIDE TROMETHAMINE,Ophthalmic & Otic
LOMITAPIDE MESYLATE,"Endocrine, Metabolic & Hormonal"
LOMUSTINE,Oncology & Immunology
LOPERAMIDE HCL,Gastrointestinal & Genitourinary
LOPINAVIR/RITONAVIR,Infectious Disease (Antimicrobial/Antiviral/Vaccine)
LORAZEPAM,"Neurology, Psychiatry & Pain"
LORCASERIN HCL,"Endocrine, Metabolic & Hormonal"
LOSARTAN POTASSIUM,Cardiovascular & Blood
LOSARTAN/HYDROCHLOROTHIAZIDE,Cardiovascular & Blood
LOTEPREDNOL ETABONATE,Ophthalmic & Otic
LOVASTATIN,Cardiovascular & Blood
LOXAPINE SUCCINATE,"Neurology, Psychiatry & Pain"
LUBIPROSTONE,Gastrointestinal & Genitourinary
LULICONAZOLE,Dermatology (Topical)
LUMACAFTOR/IVACAFTOR,Respiratory & Allergy
LURASIDONE HCL,"Neurology, Psychiatry & Pain"
MACITENTAN,Cardiovascular & Blood
MAFENIDE ACETATE,Dermatology (Topical)
MAGNESIUM SULFATE,"Nutrition, Fluids, Electrolytes & Supplies"
MAGNESIUM SULFATE IN WATER,"Nutrition, Fluids, Electrolytes & Supplies"
MAGNESIUM SULFATE/D5W,"Nutrition, Fluids, Electrolytes & Supplies"
MALATHION,Dermatology (Topical)
MANNITOL,Respiratory & Allergy
MAPROTILINE HCL,"Neurology, Psychiatry & Pain"
MARAVIROC,Infectious Disease (Antimicrobial/Antiviral/Vaccine)
"MEASLES,MUMPS,RUB,VARICELLA/PF",Infectious Disease (Antimicrobial/Antiviral/Vaccine)
"MEASLES,MUMPS,RUBELLA VACC/PF",Infectious Disease (Antimicrobial/Antiviral/Vaccine)
MEBENDAZOLE,Infectious Disease (Antimicrobial/Antiviral/Vaccine)
MECAMYLAMINE HCL,"Nutrition, Fluids, Electrolytes & Supplies"
MECHLORETHAMINE HCL,"Nutrition, Fluids, Electrolytes & Supplies"
MECLIZINE HCL,Respiratory & Allergy
MECLOFENAMATE SODIUM,"Nutrition, Fluids, Electrolytes & Supplies"
MEDROXYPROGESTERONE ACETATE,"Endocrine, Metabolic & Hormonal"
MEFENAMIC ACID,"Nutrition, Fluids, Electrolytes & Supplies"
MEFLOQUINE HCL,Infectious Disease (Antimicrobial/Antiviral/Vaccine)
MEGESTROL ACETATE,"Nutrition, Fluids, Electrolytes & Supplies"
MELOXICAM,"Nutrition, Fluids, Electrolytes & Supplies"
"MELOXICAM, SUBMICRONIZED","Nutrition, Fluids, Electrolytes & Supplies"
MELPHALAN,Oncology & Immunology
MEMANTINE HCL,"Neurology, Psychiatry & Pain"
MEMANTINE HCL/DONEPEZIL HCL,"Neurology, Psychiatry & Pain"
"MENING VAC A,C,Y,W-135 DIP/PF",Infectious Disease (Antimicrobial/Antiviral/Vaccine)
"MENINGOCOC VAC A,C,Y,W-135/PF",Infectious Disease (Antimicrobial/Antiviral/Vaccine)
"MENINGOCOCCAL B VACCINE,4-COMP",Infectious Disease (Antimicrobial/Antiviral/Vaccine)
MEPERIDINE HCL,"Neurology, Psychiatry & Pain"
MEPERIDINE HCL/PF,"Neurology, Psychiatry & Pain"
MEPOLIZUMAB,Oncology & Immunology
MEPROBAMATE,"Neurology, Psychiatry & Pain"
MERCAPTOPURINE,Oncology & Immunology
MEROPENEM,Infectious Disease (Antimicrobial/Antiviral/Vaccine)
MEROPENEM-0.9% SODIUM CHLORIDE,Infectious Disease (Antimicrobial/Antiviral/Vaccine)
MESALAMINE,Gastrointestinal & Genitourinary
MESALAMINE W/CLEANSING WIPES,Gastrointestinal & Genitourinary
MESNA,Oncology & Immunology
METAPROTERENOL SULFATE,Respiratory & Allergy
METAXALONE,"Neurology, Psychiatry & Pain"
METFORMIN HCL,"Endocrine, Metabolic & Hormonal"
METH/MEBLUE/SOD PHOS/PSAL/HYOS,"Nutrition, Fluids, Electrolytes & Supplies"
METHADONE HCL,"Neurology, Psychiatry & Pain"
METHAMPHETAMINE HCL,"Neurology, Psychiatry & Pain"
METHAZOLAMIDE,"Neurology, Psychiatry & Pain"
METHEN/MBLUE/SAL/SOD PHOS/HYOS,"Nutrition, Fluids, Electrolytes & Supplies"
METHENAM/M.BLUE/SALICYL/HYOSCY,"Nutrition, Fluids, Electrolytes & Supplies"
METHENAM/SOD PHOS/MBLUE/HYOSCY,"Nutrition, Fluids, Electrolytes & Supplies"
METHENAMINE HIPPURATE,Infectious Disease (Antimicrobial/Antiviral/Vaccine)
METHENAMINE MANDELATE,Infectious Disease (Antimicrobial/Antiviral/Vaccine)
METHIMAZOLE,"Endocrine, Metabolic & Hormonal"
METHOCARBAMOL,"Neurology, Psychiatry & Pain"
METHOTREXATE,Oncology & Immunology
METHOTREXATE SODIUM,Oncology & Immunology
METHOTREXATE SODIUM/PF,Oncology & Immunology
METHOTREXATE/PF,Oncology & Immunology
METHOXSALEN,Dermatology (Topical)
METHSCOPOLAMINE BROMIDE,Gastrointestinal & Genitourinary
METHSUXIMIDE,"Neurology, Psychiatry & Pain"
METHYCLOTHIAZIDE,Cardiovascular & Blood
METHYLDOPA,Cardiovascular & Blood
METHYLDOPA/HYDROCHLOROTHIAZIDE,Cardiovascular & Blood
METHYLERGONOVINE MALEATE,"Endocrine, Metabolic & Hormonal"
METHYLNALTREXONE BROMIDE,"Neurology, Psychiatry & Pain"
METHYLPHENIDATE,"Neurology, Psychiatry & Pain"
METHYLPHENIDATE HCL,"Neurology, Psychiatry & Pain"
METHYLPREDNISOLONE,"Endocrine, Metabolic & Hormonal"
METHYLPREDNISOLONE ACETATE,"Endocrine, Metabolic & Hormonal"
METHYLPREDNISOLONE SOD SUCC,"Endocrine, Metabolic & Hormonal"
METHYLPREDNISOLONE SOD SUCC/PF,"Endocrine, Metabolic & Hormonal"
METHYLTESTOSTERONE,"Endocrine, Metabolic & Hormonal"
METOCLOPRAMIDE HCL,Gastrointestinal & Genitourinary
METOLAZONE,Cardiovascular & Blood
METOPROLOL SU/HYDROCHLOROTHIAZ,Cardiovascular & Blood
METOPROLOL SUCCINATE,Cardiovascular & Blood
METOPROLOL TARTRATE,Cardiovascular & Blood
METOPROLOL/HYDROCHLOROTHIAZIDE,Cardiovascular & Blood
METRELEPTIN,"Endocrine, Metabolic & Hormonal"
METRONIDAZOLE,Infectious Disease (Antimicrobial/Antiviral/Vaccine)
METRONIDAZOLE/SODIUM CHLORIDE,Infectious Disease (Antimicrobial/Antiviral/Vaccine)
METYROSINE,"Endocrine, Metabolic & Hormonal"
MEXILETINE HCL,Cardiovascular & Blood
MICAFUNGIN SODIUM,Infectious Disease (Antimicrobial/Antiviral/Vaccine)
MICONAZOLE,Infectious Disease (Antimicrobial/Antiviral/Vaccine)
MICONAZOLE NITRATE,Infectious Disease (Antimicrobial/Antiviral/Vaccine)
MICONAZOLE NITRATE/ZINC OX/PET,Infectious Disease (Antimicrobial/Antiviral/Vaccine)
MIDAZOLAM HCL,"Neurology, Psychiatry & Pain"
MIDAZOLAM HCL/PF,"Neurology, Psychiatry & Pain"
MIDODRINE HCL,Cardiovascular & Blood
MIDOSTAURIN,"Nutrition, Fluids, Electrolytes & Supplies"
MIFEPRISTONE,"Endocrine, Metabolic & Hormonal"
MIGLITOL,"Endocrine, Metabolic & Hormonal"
MIGLUSTAT,"Endocrine, Metabolic & Hormonal"
MILNACIPRAN HCL,"Neurology, Psychiatry & Pain"
MILRINONE LACTATE,Cardiovascular & Blood
MILRINONE LACTATE/D5W,Cardiovascular & Blood
MINOCYCLINE HCL,Infectious Disease (Antimicrobial/Antiviral/Vaccine)
MINOCYCLINE HCL MICROSPHERES,Infectious Disease (Antimicrobial/Antiviral/Vaccine)
MINOXIDIL,Dermatology (Topical)
MIPOMERSEN SODIUM,"Endocrine, Metabolic & Hormonal"
MIRABEGRON,Gastrointestinal & Genitourinary
MIRTAZAPINE,"Neurology, Psychiatry & Pain"
MISOPROSTOL,Gastrointestinal & Genitourinary
MITOMYCIN,Infectious Disease (Antimicrobial/Antiviral/Vaccine)
MITOTANE,Oncology & Immunology
MITOXANTRONE HCL,Oncology & Immunology
MODAFINIL,"Neurology, Psychiatry & Pain"
MOEXIPRIL HCL,Cardiovascular & Blood
MOEXIPRIL/HYDROCHLOROTHIAZIDE,Cardiovascular & Blood
MOLINDONE HCL,"Neurology, Psychiatry & Pain"
MOMETASONE FUROATE,Dermatology (Topical)
MOMETASONE/FORMOTEROL,Respiratory & Allergy
MONTELUKAST SODIUM,Respiratory & Allergy
MORPHINE SULFATE,"Neurology, Psychiatry & Pain"
MORPHINE SULFATE/NALTREXONE,"Neurology, Psychiatry & Pain"
MORPHINE SULFATE/PF,"Neurology, Psychiatry & Pain"
MOXIFLOXACIN HCL,Infectious Disease (Antimicrobial/Antiviral/Vaccine)
MOXIFLOXACIN IN NACL (ISO-OSM),Ophthalmic & Otic
"MOXIFLOXACIN/SOD.ACE,SUL/WATER",Infectious Disease (Antimicrobial/Antiviral/Vaccine)
MULTIVIT-MINS NO.7/FOLIC ACID,"Nutrition, Fluids, Electrolytes & Supplies"
MUPIROCIN,Dermatology (Topical)
MUPIROCIN CALCIUM,Dermatology (Topical)
MYCOPHENOLATE MOFETIL,Oncology & Immunology
MYCOPHENOLATE MOFETIL HCL,Oncology & Immunology
MYCOPHENOLATE SODIUM,Oncology & Immunology
"N.MENINGITIDIS B,LIPID FHBP RC","Nutrition, Fluids, Electrolytes & Supplies"
NABILONE,"Neurology, Psychiatry & Pain"
NABUMETONE,"Nutrition, Fluids, Electrolytes & Supplies"
NADOLOL,Cardiovascular & Blood
NADOLOL/BENDROFLUMETHIAZIDE,Cardiovascular & Blood
NAFARELIN ACETATE,Oncology & Immunology
"NAFCILLIN IN DEXTROSE,ISO-OSM",Infectious Disease (Antimicrobial/Antiviral/Vaccine)
NAFCILLIN SODIUM,Infectious Disease (Antimicrobial/Antiviral/Vaccine)
NAFTIFINE HCL,Dermatology (Topical)
NALBUPHINE HCL,"Neurology, Psychiatry & Pain"
NALDEMEDINE TOSYLATE,"Neurology, Psychiatry & Pain"
NALOXEGOL OXALATE,"Neurology, Psychiatry & Pain"
NALOXONE HCL,"Neurology, Psychiatry & Pain"
NALTREXONE HCL,"Neurology, Psychiatry & Pain"
NALTREXONE HCL/BUPROPION HCL,"Neurology, Psychiatry & Pain"
NALTREXONE MICROSPHERES,"Neurology, Psychiatry & Pain"
NAPHAZOLINE HCL,Ophthalmic & Otic
NAPROXEN,"Nutrition, Fluids, Electrolytes & Supplies"
NAPROXEN SODIUM,"Nutrition, Fluids, Electrolytes & Supplies"
NAPROXEN/ESOMEPRAZOLE MAG,Gastrointestinal & Genitourinary
NARATRIPTAN HCL,"Neurology, Psychiatry & Pain"
NATALIZUMAB,Oncology & Immunology
NATAMYCIN,Ophthalmic & Otic
NATEGLINIDE,"Endocrine, Metabolic & Hormonal"
NEBIVOLOL HCL,Cardiovascular & Blood
NEBIVOLOL HCL/VALSARTAN,Cardiovascular & Blood
NEDOCROMIL SODIUM,Respiratory & Allergy
NEFAZODONE HCL,"Neurology, Psychiatry & Pain"
NELFINAVIR MESYLATE,Infectious Disease (Antimicrobial/Antiviral/Vaccine)
NEOMYC/BACIT/POLYMYX/HYDROCORT,"Nutrition, Fluids, Electrolytes & Supplies"
NEOMYC/COLIST/HYDROCORT/THONZN,"Nutrition, Fluids, Electrolytes & Supplies"
NEOMYCIN SULF/BACITRACIN/POLY,Infectious Disease (Antimicrobial/Antiviral/Vaccine)
NEOMYCIN SULF/POLYMYXIN B SULF,Infectious Disease (Antimicrobial/Antiviral/Vaccine)
NEOMYCIN SULFATE,Infectious Disease (Antimicrobial/Antiviral/Vaccine)
NEOMYCIN SULFATE/FLUOCINOLONE,Ophthalmic & Otic
NEOMYCIN/BACIT/P-MYX/HYDROCORT,Infectious Disease (Antimicrobial/Antiviral/Vaccine)
NEOMYCIN/POLYMYXIN B/DEXAMETHA,Ophthalmic & Otic
NEOMYCIN/POLYMYXIN B/HYDROCORT,Infectious Disease (Antimicrobial/Antiviral/Vaccine)
NEOMYCIN/POLYMYXN B/GRAMICIDIN,Infectious Disease (Antimicrobial/Antiviral/Vaccine)
NEPAFENAC,Ophthalmic & Otic
NERATINIB MALEATE,Oncology & Immunology
NETUPITANT/PALONOSETRON HCL,Gastrointestinal & Genitourinary
NEVIRAPINE,Infectious Disease (Antimicrobial/Antiviral/Vaccine)
NIACIN,"Endocrine, Metabolic & Hormonal"
NICARDIPINE HCL,Cardiovascular & Blood
NICOTINE,"Neurology, Psychiatry & Pain"
NIFEDIPINE,Cardiovascular & Blood
NILOTINIB HCL,Oncology & Immunology
NILUTAMIDE,Oncology & Immunology
NIMODIPINE,Cardiovascular & Blood
NINTEDANIB ESYLATE,"Nutrition, Fluids, Electrolytes & Supplies"
NIRAPARIB TOSYLATE,Oncology & Immunology
NISOLDIPINE,Cardiovascular & Blood
NITAZOXANIDE,Infectious Disease (Antimicrobial/Antiviral/Vaccine)
NITISINONE,"Endocrine, Metabolic & Hormonal"
NITROFURANTOIN,Infectious Disease (Antimicrobial/Antiviral/Vaccine)
NITROFURANTOIN MACROCRYSTAL,Infectious Disease (Antimicrobial/Antiviral/Vaccine)
NITROFURANTOIN MONOHYD/M-CRYST,Infectious Disease (Antimicrobial/Antiviral/Vaccine)
NITROGLYCERIN,Cardiovascular & Blood
NIVOLUMAB,Oncology & Immunology
NIZATIDINE,Gastrointestinal & Genitourinary
NORELGESTROMIN/ETHIN.ESTRADIOL,"Endocrine, Metabolic & Hormonal"
NORETH-ETHINYL ESTRADIOL/IRON,"Endocrine, Metabolic & Hormonal"
NORETHINDRONE,"Endocrine, Metabolic & Hormonal"
NORETHINDRONE AC-ETH ESTRADIOL,"Endocrine, Metabolic & Hormonal"
NORETHINDRONE ACETATE,"Endocrine, Metabolic & Hormonal"
NORETHINDRONE-E.ESTRADIOL-IRON,"Endocrine, Metabolic & Hormonal"
NORETHINDRONE-ETHINYL ESTRAD,"Endocrine, Metabolic & Hormonal"
NORETHINDRONE-MESTRANOL,"Endocrine, Metabolic & Hormonal"
NORGESTIMATE-ETHINYL ESTRADIOL,"Endocrine, Metabolic & Hormonal"
NORGESTREL-ETHINYL ESTRADIOL,"Endocrine, Metabolic & Hormonal"
NORTRIPTYLINE HCL,"Neurology, Psychiatry & Pain"
NYSTATIN,Infectious Disease (Antimicrobial/Antiviral/Vaccine)
NYSTATIN/TRIAMCIN,Infectious Disease (Antimicrobial/Antiviral/Vaccine)
OBETICHOLIC ACID,"Endocrine, Metabolic & Hormonal"
OBINUTUZUMAB,Oncology & Immunology
OCRELIZUMAB,Oncology & Immunology
OCTREOTIDE ACETATE,"Endocrine, Metabolic & Hormonal"
"OCTREOTIDE ACETATE,MI-SPHERES","Endocrine, Metabolic & Hormonal"
OFATUMUMAB,Oncology & Immunology
OFLOXACIN,Infectious Disease (Antimicrobial/Antiviral/Vaccine)
OLANZAPINE,"Neurology, Psychiatry & Pain"
OLANZAPINE PAMOATE,"Neurology, Psychiatry & Pain"
OLANZAPINE/FLUOXETINE HCL,"Neurology, Psychiatry & Pain"
OLAPARIB,Oncology & Immunology
OLARATUMAB,Oncology & Immunology
OLMESARTAN MEDOXOMIL,Cardiovascular & Blood
OLMESARTAN/AMLODIPIN/HCTHIAZID,Cardiovascular & Blood
OLMESARTAN/HYDROCHLOROTHIAZIDE,Cardiovascular & Blood
OLODATEROL HCL,Respiratory & Allergy
OLOPATADINE HCL,Ophthalmic & Otic
OLSALAZINE SODIUM,Gastrointestinal & Genitourinary
OMACETAXINE MEPESUCCINATE,Oncology & Immunology
OMALIZUMAB,Oncology & Immunology
OMBITA/PARITAP/RITON/DASABUVIR,Infectious Disease (Antimicrobial/Antiviral/Vaccine)
OMEGA-3 ACID ETHYL ESTERS,"Endocrine, Metabolic & Hormonal"
OMEPRAZOLE,Gastrointestinal & Genitourinary
OMEPRAZOLE MAGNESIUM,Gastrointestinal & Genitourinary
OMEPRAZOLE/CLARITH/AMOXICILLIN,Infectious Disease (Antimicrobial/Antiviral/Vaccine)
OMEPRAZOLE/SODIUM BICARBONATE,Gastrointestinal & Genitourinary
ONABOTULINUMTOXINA,"Nutrition, Fluids, Electrolytes & Supplies"
ONDANSETRON,Gastrointestinal & Genitourinary
ONDANSETRON HCL,Gastrointestinal & Genitourinary
ONDANSETRON HCL/PF,Gastrointestinal & Genitourinary
OPIUM TINCTURE,"Neurology, Psychiatry & Pain"
OPIUM/BELLADONNA ALKALOIDS,"Neurology, Psychiatry & Pain"
ORITAVANCIN DIPHOSPHATE,Infectious Disease (Antimicrobial/Antiviral/Vaccine)
ORLISTAT,"Endocrine, Metabolic & Hormonal"
ORPHENADRINE CITRATE,"Neurology, Psychiatry & Pain"
OSELTAMIVIR PHOSPHATE,Infectious Disease (Antimicrobial/Antiviral/Vaccine)
OSIMERTINIB MESYLATE,Oncology & Immunology
OSPEMIFENE,"Endocrine, Metabolic & Hormonal"
OXACILLIN IN DEXTROSE(ISO-OSM),Infectious Disease (Antimicrobial/Antiviral/Vaccine)
OXACILLIN SODIUM,Infectious Disease (Antimicrobial/Antiviral/Vaccine)
OXALIPLATIN,Oncology & Immunology
OXANDROLONE,"Endocrine, Metabolic & Hormonal"
OXAPROZIN,"Nutrition, Fluids, Electrolytes & Supplies"
OXAZEPAM,"Neurology, Psychiatry & Pain"
OXCARBAZEPINE,"Neurology, Psychiatry & Pain"
OXICONAZOLE NITRATE,Dermatology (Topical)
OXYBUTYNIN,Gastrointestinal & Genitourinary
OXYBUTYNIN CHLORIDE,Gastrointestinal & Genitourinary
OXYCODONE HCL,"Neurology, Psychiatry & Pain"
OXYCODONE HCL/ACETAMINOPHEN,"Neurology, Psychiatry & Pain"
OXYCODONE HCL/ASPIRIN,Cardiovascular & Blood
OXYCODONE MYRISTATE,"Neurology, Psychiatry & Pain"
OXYMETAZOLINE HCL,Respiratory & Allergy
OXYMETHOLONE,"Endocrine, Metabolic & Hormonal"
OXYMORPHONE HCL,"Neurology, Psychiatry & Pain"
OXYTOCIN,"Endocrine, Metabolic & Hormonal"
PACLITAXEL,Oncology & Immunology
PACLITAXEL PROTEIN-BOUND,Oncology & Immunology
PALBOCICLIB,Oncology & Immunology
PALIPERIDONE,"Neurology, Psychiatry & Pain"
PALIPERIDONE PALMITATE,"Neurology, Psychiatry & Pain"
PALIVIZUMAB,Oncology & Immunology
PALONOSETRON HCL,Gastrointestinal & Genitourinary
PAMIDRONATE DISODIUM,"Endocrine, Metabolic & Hormonal"
PANITUMUMAB,Oncology & Immunology
PANOBINOSTAT LACTATE,Oncology & Immunology
PANTOPRAZOLE SODIUM,Gastrointestinal & Genitourinary
PAPAVERINE HCL,"Nutrition, Fluids, Electrolytes & Supplies"
PARATHYROID HORMONE,"Endocrine, Metabolic & Hormonal"
PAREGORIC,"Neurology, Psychiatry & Pain"
PARENTERAL AMINO ACID 10% NO.4,"Nutrition, Fluids, Electrolytes & Supplies"
PARENTERAL AMINO ACID 10% NO.6,"Nutrition, Fluids, Electrolytes & Supplies"
PARENTERAL AMINO ACID 15% NO.1,"Nutrition, Fluids, Electrolytes & Supplies"
PARENTERAL AMINO ACID 20% NO.1,"Nutrition, Fluids, Electrolytes & Supplies"
PARICALCITOL,"Endocrine, Metabolic & Hormonal"
PAROMOMYCIN SULFATE,Infectious Disease (Antimicrobial/Antiviral/Vaccine)
PAROXETINE HCL,"Neurology, Psychiatry & Pain"
PAROXETINE MESYLATE,"Neurology, Psychiatry & Pain"
PASIREOTIDE DIASPARTATE,"Endocrine, Metabolic & Hormonal"
PASIREOTIDE PAMOATE,"Endocrine, Metabolic & Hormonal"
PATIROMER CALCIUM SORBITEX,"Endocrine, Metabolic & Hormonal"
PAZOPANIB HCL,"Nutrition, Fluids, Electrolytes & Supplies"
PEDI MULTIVIT 45/FLUORIDE/IRON,"Nutrition, Fluids, Electrolytes & Supplies"
PEDI MULTIVIT 75/FLUORIDE/IRON,"Nutrition, Fluids, Electrolytes & Supplies"
PEDI MULTIVIT NO.12 W-FLUORIDE,"Nutrition, Fluids, Electrolytes & Supplies"
PEDI MULTIVIT NO.16 W-FLUORIDE,"Nutrition, Fluids, Electrolytes & Supplies"
PEDI MULTIVIT NO.17 W-FLUORIDE,"Nutrition, Fluids, Electrolytes & Supplies"
PEDI MULTIVIT NO.2 W-FLUORIDE,"Nutrition, Fluids, Electrolytes & Supplies"
PEDI MULTIVIT NO.82 W-FLUORIDE,"Nutrition, Fluids, Electrolytes & Supplies"
PEG3350/SOD SUL/NACL/ASB/C/KCL,"Nutrition, Fluids, Electrolytes & Supplies"
"PEG3350/SOD SULF,BICARB,CL/KCL","Nutrition, Fluids, Electrolytes & Supplies"
PEGADEMASE BOVINE,Oncology & Immunology
PEGFILGRASTIM,Oncology & Immunology
PEGINTERFERON ALFA-2A,Oncology & Immunology
PEGINTERFERON ALFA-2B,Oncology & Immunology
PEGINTERFERON BETA-1A,Oncology & Immunology
PEGLOTICASE,"Endocrine, Metabolic & Hormonal"
PEGVISOMANT,"Endocrine, Metabolic & Hormonal"
PEMBROLIZUMAB,Oncology & Immunology
PEMETREXED DISODIUM,Oncology & Immunology
PEN G BENZ/PEN G PROCAINE,"Nutrition, Fluids, Electrolytes & Supplies"
PEN G POT/DEXTROSE-WATER,"Nutrition, Fluids, Electrolytes & Supplies"
"PEN NEEDLE, DIABETIC","Nutrition, Fluids, Electrolytes & Supplies"
"PEN NEEDLE, DIABETIC, SAFETY","Nutrition, Fluids, Electrolytes & Supplies"
"PEN NEEDLE,DUAL SAFETY,DIABETC","Nutrition, Fluids, Electrolytes & Supplies"
PENCICLOVIR,Infectious Disease (Antimicrobial/Antiviral/Vaccine)
PENICILLAMINE,"Endocrine, Metabolic & Hormonal"
PENICILLIN G BENZATHINE,Infectious Disease (Antimicrobial/Antiviral/Vaccine)
PENICILLIN G POTASSIUM,Infectious Disease (Antimicrobial/Antiviral/Vaccine)
PENICILLIN G SODIUM,Infectious Disease (Antimicrobial/Antiviral/Vaccine)
PENICILLIN V POTASSIUM,Infectious Disease (Antimicrobial/Antiviral/Vaccine)
PENTAMIDINE ISETHIONATE,Infectious Disease (Antimicrobial/Antiviral/Vaccine)
PENTAZOCINE HCL/NALOXONE HCL,"Neurology, Psychiatry & Pain"
PENTOSAN POLYSULFATE SODIUM,"Nutrition, Fluids, Electrolytes & Supplies"
PENTOSTATIN,Oncology & Immunology
PENTOXIFYLLINE,"Nutrition, Fluids, Electrolytes & Supplies"
PERAMPANEL,"Neurology, Psychiatry & Pain"
PERINDOPRIL ERBUMINE,Cardiovascular & Blood
PERIT. DIALYSIS NO.6-1.5 % DEX,"Nutrition, Fluids, Electrolytes & Supplies"
PERMETHRIN,Dermatology (Topical)
PERPHENAZINE,"Neurology, Psychiatry & Pain"
PERPHENAZINE/AMITRIPTYLINE HCL,"Neurology, Psychiatry & Pain"
PERTUZUMAB,Oncology & Immunology
PHENAZOPYRIDINE HCL,Infectious Disease (Antimicrobial/Antiviral/Vaccine)
PHENELZINE SULFATE,"Neurology, Psychiatry & Pain"
PHENOBARBITAL,"Neurology, Psychiatry & Pain"
PHENOBARBITAL SODIUM,"Neurology, Psychiatry & Pain"
PHENOXYBENZAMINE HCL,Gastrointestinal & Genitourinary
PHENTERMINE HCL,"Endocrine, Metabolic & Hormonal"
PHENTERMINE/TOPIRAMATE,"Neurology, Psychiatry & Pain"
PHENTOLAMINE MESYLATE,Gastrointestinal & Genitourinary
PHENYLEPHRINE HCL,Respiratory & Allergy
PHENYLEPHRINE HCL/PROMETH HCL,Respiratory & Allergy
PHENYTOIN,"Neurology, Psychiatry & Pain"
PHENYTOIN SODIUM,"Neurology, Psychiatry & Pain"
PHENYTOIN SODIUM EXTENDED,"Neurology, Psychiatry & Pain"
PHYTONADIONE (VIT K1),"Nutrition, Fluids, Electrolytes & Supplies"
PILOCARPINE HCL,Ophthalmic & Otic
PIMAVANSERIN TARTRATE,"Neurology, Psychiatry & Pain"
PIMECROLIMUS,Dermatology (Topical)
PIMOZIDE,"Neurology, Psychiatry & Pain"
PINDOLOL,Cardiovascular & Blood
PIOGLITAZONE HCL,"Endocrine, Metabolic & Hormonal"
PIOGLITAZONE HCL/GLIMEPIRIDE,"Endocrine, Metabolic & Hormonal"
PIOGLITAZONE HCL/METFORMIN HCL,"Endocrine, Metabolic & Hormonal"
PIPERACILLIN SODIUM/TAZOBACTAM,Infectious Disease (Antimicrobial/Antiviral/Vaccine)
"PIPERACILLIN-TAZO-DEXTROSE,ISO",Infectious Disease (Antimicrobial/Antiviral/Vaccine)
PIRFENIDONE,"Nutrition, Fluids, Electrolytes & Supplies"
PIROXICAM,"Nutrition, Fluids, Electrolytes & Supplies"
PITAVASTATIN CALCIUM,Cardiovascular & Blood
PLECANATIDE,Gastrointestinal & Genitourinary
PLERIXAFOR,Oncology & Immunology
PNEUMOC 13-VAL CONJ-DIP CRM/PF,Infectious Disease (Antimicrobial/Antiviral/Vaccine)
PNV 102/IRON/FOLATE 1/DSS/DHA,"Nutrition, Fluids, Electrolytes & Supplies"
PNV 11/IRON FUM/FOLIC ACID/OM3,"Nutrition, Fluids, Electrolytes & Supplies"
PNV 112/IRON/FOLIC/OM3/DHA/EPA,"Nutrition, Fluids, Electrolytes & Supplies"
PNV 117/IRON/FOLIC/OM3/DHA/EPA,"Nutrition, Fluids, Electrolytes & Supplies"
"PNV 15/IRON FUM,PS/FOLIC ACID","Nutrition, Fluids, Electrolytes & Supplies"
"PNV 16/IRON FUM,PS/FOLIC/OM-3","Nutrition, Fluids, Electrolytes & Supplies"
"PNV 19/IRON PS,HEME/FOLIC/DHA","Nutrition, Fluids, Electrolytes & Supplies"
"PNV 21/IRON PS,HEME PPEP/FOLIC","Nutrition, Fluids, Electrolytes & Supplies"
"PNV 30/IRON CARB,AG/FOLIC/OM3","Nutrition, Fluids, Electrolytes & Supplies"
PNV 39/IRON/FOLIC/DOCUSATE/DHA,"Nutrition, Fluids, Electrolytes & Supplies"
"PNV 55/IRON FUM,B-G/FOLIC ACID","Nutrition, Fluids, Electrolytes & Supplies"
PNV 66/IRON/FOLIC/DOCUSATE/DHA,"Nutrition, Fluids, Electrolytes & Supplies"
PNV 67/IRON PS/FOLATE NO.1/DHA,"Nutrition, Fluids, Electrolytes & Supplies"
PNV 69/IRON/FOLIC/DOCUSATE/DHA,"Nutrition, Fluids, Electrolytes & Supplies"
"PNV 76/IRON,GLUC/FOLIC/DSS/DHA","Nutrition, Fluids, Electrolytes & Supplies"
PNV 80/IRON FUM/FOLIC/DSS/DHA,"Nutrition, Fluids, Electrolytes & Supplies"
PNV 85/IRON/FOLIC/DHA/FISH OIL,"Nutrition, Fluids, Electrolytes & Supplies"
PNV NO.106/IRON/FOLATE NO6/DHA,"Nutrition, Fluids, Electrolytes & Supplies"
PNV NO.118/IRON FUMARATE/FA,"Nutrition, Fluids, Electrolytes & Supplies"
"PNV,CALCIUM 72/IRON,CARB/FOLIC","Nutrition, Fluids, Electrolytes & Supplies"
"PNV,CALCIUM 72/IRON/FOLIC ACID","Nutrition, Fluids, Electrolytes & Supplies"
"PNV,CALCIUM37/IRON/FOLIC/OMEG3","Nutrition, Fluids, Electrolytes & Supplies"
PNV/FOLIC AC/B6/CALCIUM/GINGER,"Nutrition, Fluids, Electrolytes & Supplies"
PNV119/IRON FUM/FOLIC/DOCUSATE,"Nutrition, Fluids, Electrolytes & Supplies"
PNV20/IRON/FOLIC/DOCUSATE/OM3S,"Nutrition, Fluids, Electrolytes & Supplies"
"PNV59/IRON,CARB,FUM/FA/DSS/DHA","Nutrition, Fluids, Electrolytes & Supplies"
"PNV72/IRON,GLUC/FOLIC/DSS/DHA","Nutrition, Fluids, Electrolytes & Supplies"
"PNV73/IRON,GLUC/FOLIC/DSS/DHA","Nutrition, Fluids, Electrolytes & Supplies"
PODOFILOX,Dermatology (Topical)
PODOPHYLLUM RESIN,Dermatology (Topical)
"POLIOMYELITIS VACCINE, KILLED",Infectious Disease (Antimicrobial/Antiviral/Vaccine)
POLYETHYLENE GLYCOL 3350,Gastrointestinal & Genitourinary
POLYMYXIN B SULF/TRIMETHOPRIM,Infectious Disease (Antimicrobial/Antiviral/Vaccine)
POLYMYXIN B SULFATE,Infectious Disease (Antimicrobial/Antiviral/Vaccine)
POMALIDOMIDE,Oncology & Immunology
PONATINIB HCL,Oncology & Immunology
POSACONAZOLE,Infectious Disease (Antimicrobial/Antiviral/Vaccine)
POT CHLORIDE/POT BICARB/CIT AC,"Nutrition, Fluids, Electrolytes & Supplies"
POTASSIUM ACETATE,"Nutrition, Fluids, Electrolytes & Supplies"
POTASSIUM BICARBONATE/CIT AC,"Nutrition, Fluids, Electrolytes & Supplies"
POTASSIUM CHLORIDE,"Nutrition, Fluids, Electrolytes & Supplies"
POTASSIUM CHLORIDE IN 0.9%NACL,"Nutrition, Fluids, Electrolytes & Supplies"
POTASSIUM CHLORIDE IN D5W,"Nutrition, Fluids, Electrolytes & Supplies"
POTASSIUM CHLORIDE IN WATER,"Nutrition, Fluids, Electrolytes & Supplies"
POTASSIUM CHLORIDE-0.45% NACL,"Nutrition, Fluids, Electrolytes & Supplies"
POTASSIUM CHLORIDE/D5-0.2%NACL,"Nutrition, Fluids, Electrolytes & Supplies"
POTASSIUM CHLORIDE/D5-0.45NACL,"Nutrition, Fluids, Electrolytes & Supplies"
POTASSIUM CHLORIDE/D5-0.9%NACL,"Nutrition, Fluids, Electrolytes & Supplies"
POTASSIUM CITRATE,"Nutrition, Fluids, Electrolytes & Supplies"
POTASSIUM CITRATE/CITRIC ACID,"Nutrition, Fluids, Electrolytes & Supplies"
POTASSIUM IODIDE,"Nutrition, Fluids, Electrolytes & Supplies"
"POTASSIUM PHOS,M-BASIC-D-BASIC","Nutrition, Fluids, Electrolytes & Supplies"
"POTASSIUM PHOSPHATE,MONOBASIC","Nutrition, Fluids, Electrolytes & Supplies"
POVIDONE-IODINE,"Nutrition, Fluids, Electrolytes & Supplies"
PRALATREXATE,Oncology & Immunology
PRAMIPEXOLE DI-HCL,"Neurology, Psychiatry & Pain"
PRAMLINTIDE ACETATE,"Endocrine, Metabolic & Hormonal"
PRASTERONE (DHEA),"Endocrine, Metabolic & Hormonal"
PRASUGREL HCL,Cardiovascular & Blood
PRAVASTATIN SODIUM,Cardiovascular & Blood
PRAZIQUANTEL,Infectious Disease (Antimicrobial/Antiviral/Vaccine)
PRAZOSIN HCL,"Nutrition, Fluids, Electrolytes & Supplies"
PREDNICARBATE,Dermatology (Topical)
PREDNISOLONE,"Endocrine, Metabolic & Hormonal"
PREDNISOLONE ACETATE,"Endocrine, Metabolic & Hormonal"
PREDNISOLONE SOD PHOSPHATE,"Endocrine, Metabolic & Hormonal"
PREDNISONE,"Endocrine, Metabolic & Hormonal"
PREGABALIN,"Neurology, Psychiatry & Pain"
PRENAT 115/IRON FUM/FOLIC/DSS,"Nutrition, Fluids, Electrolytes & Supplies"
"PRENAT90/IRON FUM,PS/FOLIC/DHA","Nutrition, Fluids, Electrolytes & Supplies"
PRENATAL 114/IRON A-G/FOLATE 1,"Nutrition, Fluids, Electrolytes & Supplies"
PRENATAL 118/IRON/FOLATE 6/DHA,"Nutrition, Fluids, Electrolytes & Supplies"
PRENATAL 2/IRON/FOLIC ACID/OM3,"Nutrition, Fluids, Electrolytes & Supplies"
PRENATAL 25/IRON/FOLATE 6/DHA,"Nutrition, Fluids, Electrolytes & Supplies"
PRENATAL 26/IRON PS/FOLIC/DHA,"Nutrition, Fluids, Electrolytes & Supplies"
PRENATAL 38/IRON/FOLATE 6/DHA,"Nutrition, Fluids, Electrolytes & Supplies"
PRENATAL 47/IRON/FOLATE 1/DHA,"Nutrition, Fluids, Electrolytes & Supplies"
PRENATAL 48/IRON/FOLIC ACID/B6,"Nutrition, Fluids, Electrolytes & Supplies"
PRENATAL 53/IRON/FOLIC AC/OMG3,"Nutrition, Fluids, Electrolytes & Supplies"
PRENATAL 68/IRON/FOLIC NO1/DHA,"Nutrition, Fluids, Electrolytes & Supplies"
PRENATAL 78/IRON/FOLATE 1/DHA,"Nutrition, Fluids, Electrolytes & Supplies"
PRENATAL 86/IRON/FOLIC/DHA/EPA,"Nutrition, Fluids, Electrolytes & Supplies"
PRENATAL 87/IRON BIS/FOLIC/DHA,"Nutrition, Fluids, Electrolytes & Supplies"
PRENATAL 93/IRON/FOLATE 9/DHA,"Nutrition, Fluids, Electrolytes & Supplies"
PRENATAL NO.123/IRON/FOLIC AC,"Nutrition, Fluids, Electrolytes & Supplies"
PRENATAL NO.52/IRON/FA/DHA,"Nutrition, Fluids, Electrolytes & Supplies"
PRENATAL NO.75/IRON/FOLATE NO1,"Nutrition, Fluids, Electrolytes & Supplies"
PRENATAL NO13/IRON PS/FOLATE 1,"Nutrition, Fluids, Electrolytes & Supplies"
PRENATAL VIT 10/IRON FUM/FOLIC,"Nutrition, Fluids, Electrolytes & Supplies"
PRENATAL VIT 10/IRON/FOLIC/DHA,"Nutrition, Fluids, Electrolytes & Supplies"
PRENATAL VIT 14/IRON FUM/FOLIC,"Nutrition, Fluids, Electrolytes & Supplies"
PRENATAL VIT 33/IRON/FOLIC/DHA,"Nutrition, Fluids, Electrolytes & Supplies"
PRENATAL VIT 36/IRON/FOLATE 6,"Nutrition, Fluids, Electrolytes & Supplies"
"PRENATAL VIT 65/IRON FUM,PS/FA","Nutrition, Fluids, Electrolytes & Supplies"
PRENATAL VIT 84/IRON/FA 1/DHA,"Nutrition, Fluids, Electrolytes & Supplies"
PRENATAL VIT 85/IRON/FA 1/DHA,"Nutrition, Fluids, Electrolytes & Supplies"
PRENATAL VIT 87/IRON/FOLIC/DHA,"Nutrition, Fluids, Electrolytes & Supplies"
PRENATAL VIT NO.112/FOLATE NO6,"Nutrition, Fluids, Electrolytes & Supplies"
PRENATAL VIT NO.127/IRON/FOLIC,"Nutrition, Fluids, Electrolytes & Supplies"
PRENATAL VIT NO.44/IRON/FA/DHA,"Nutrition, Fluids, Electrolytes & Supplies"
"PRENATAL VIT,CAL 73/IRON/FOLIC","Nutrition, Fluids, Electrolytes & Supplies"
"PRENATAL VIT,CAL 74/IRON/FOLIC","Nutrition, Fluids, Electrolytes & Supplies"
"PRENATAL VIT,CALC76/IRON/FOLIC","Nutrition, Fluids, Electrolytes & Supplies"
"PRENATAL VIT,CALC78/IRON/FOLIC","Nutrition, Fluids, Electrolytes & Supplies"
PRENATAL VIT/IRON FUM/FOLIC AC,"Nutrition, Fluids, Electrolytes & Supplies"
PRENATAL VIT103/IRON FUM/FOLIC,"Nutrition, Fluids, Electrolytes & Supplies"
PRENATAL VIT106/IRON/FOLIC/OM3,"Nutrition, Fluids, Electrolytes & Supplies"
PRENATAL VIT114/FOLATE6/GINGER,"Nutrition, Fluids, Electrolytes & Supplies"
PRENATAL VIT22/IRON/FOLIC/OM3S,"Nutrition, Fluids, Electrolytes & Supplies"
"PRENATAL VIT27,CALCIUM/IRON/FA","Nutrition, Fluids, Electrolytes & Supplies"
PRENATAL VIT37/IRON/FOLIC ACID,"Nutrition, Fluids, Electrolytes & Supplies"
PRENATAL VIT68/IRON/FA NO6/DHA,"Nutrition, Fluids, Electrolytes & Supplies"
PRENATAL VIT69/IRON/FOLATE6/DH,"Nutrition, Fluids, Electrolytes & Supplies"
PRENATAL VIT86/IRON/FOLIC ACID,"Nutrition, Fluids, Electrolytes & Supplies"
PRENATAL VITS15/IRON/FOLIC/DSS,"Nutrition, Fluids, Electrolytes & Supplies"
PRENATAL VITS16/IRON/FOLIC/DSS,"Nutrition, Fluids, Electrolytes & Supplies"
"PRENATAL,CALC.40/IRON/FOLATE 1","Nutrition, Fluids, Electrolytes & Supplies"
PRENATAL56/IRON/FOLIC ACID/DHA,"Nutrition, Fluids, Electrolytes & Supplies"
PRENATAL72/IRON FUM/FA/OM3/DHA,"Nutrition, Fluids, Electrolytes & Supplies"
PRENATAL81/IRON/FOLIC/DOCUSATE,"Nutrition, Fluids, Electrolytes & Supplies"
PRENATAL92/IRON/FOLATE8/PS-DHA,"Nutrition, Fluids, Electrolytes & Supplies"
PRIMAQUINE PHOSPHATE,Infectious Disease (Antimicrobial/Antiviral/Vaccine)
PRIMIDONE,"Neurology, Psychiatry & Pain"
PROBENECID,"Endocrine, Metabolic & Hormonal"
PROBENECID/COLCHICINE,"Endocrine, Metabolic & Hormonal"
PROCARBAZINE HCL,Oncology & Immunology
PROCHLORPERAZINE,Gastrointestinal & Genitourinary
PROCHLORPERAZINE EDISYLATE,Gastrointestinal & Genitourinary
PROCHLORPERAZINE MALEATE,Gastrointestinal & Genitourinary
PROGESTERONE,"Endocrine, Metabolic & Hormonal"
"PROGESTERONE, MICRONIZED","Endocrine, Metabolic & Hormonal"
PROMETHAZINE HCL,"Nutrition, Fluids, Electrolytes & Supplies"
PROMETHAZINE HCL/CODEINE,"Neurology, Psychiatry & Pain"
PROMETHAZINE/DEXTROMETHORPHAN,Respiratory & Allergy
PROMETHAZINE/PHENYLEPH/CODEINE,"Neurology, Psychiatry & Pain"
PROPAFENONE HCL,Cardiovascular & Blood
PROPANTHELINE BROMIDE,Gastrointestinal & Genitourinary
PROPARACAINE HCL,Ophthalmic & Otic
PROPRANOLOL HCL,Cardiovascular & Blood
PROPRANOLOL/HYDROCHLOROTHIAZID,Cardiovascular & Blood
PROPYLTHIOURACIL,"Endocrine, Metabolic & Hormonal"
PROTRIPTYLINE HCL,"Neurology, Psychiatry & Pain"
PSEUDOEPHEDRINE HCL/ACRIVAS,Respiratory & Allergy
PYRAZINAMIDE,Infectious Disease (Antimicrobial/Antiviral/Vaccine)
PYRIDOSTIGMINE BROMIDE,"Nutrition, Fluids, Electrolytes & Supplies"
PYRIMETHAMINE,Infectious Disease (Antimicrobial/Antiviral/Vaccine)
QUETIAPINE FUMARATE,"Neurology, Psychiatry & Pain"
QUINAPRIL HCL,Cardiovascular & Blood
QUINAPRIL/HYDROCHLOROTHIAZIDE,Cardiovascular & Blood
QUINIDINE GLUCONATE,Cardiovascular & Blood
QUINIDINE SULFATE,Cardiovascular & Blood
QUININE SULFATE,"Nutrition, Fluids, Electrolytes & Supplies"
QUINUPRISTIN/DALFOPRISTIN,Infectious Disease (Antimicrobial/Antiviral/Vaccine)
RABEPRAZOLE SODIUM,Gastrointestinal & Genitourinary
"RABIES VACC, HUMAN DIPLOID/PF",Infectious Disease (Antimicrobial/Antiviral/Vaccine)
RABIES VACCINE (PCEC)/PF,Infectious Disease (Antimicrobial/Antiviral/Vaccine)
RALOXIFENE HCL,"Endocrine, Metabolic & Hormonal"
RALTEGRAVIR POTASSIUM,Infectious Disease (Antimicrobial/Antiviral/Vaccine)
RAMELTEON,"Neurology, Psychiatry & Pain"
RAMIPRIL,Cardiovascular & Blood
RAMUCIRUMAB,Oncology & Immunology
RANIBIZUMAB,Ophthalmic & Otic
RANITIDINE HCL,Gastrointestinal & Genitourinary
RANOLAZINE,"Nutrition, Fluids, Electrolytes & Supplies"
RASAGILINE MESYLATE,"Neurology, Psychiatry & Pain"
RASBURICASE,Oncology & Immunology
REGORAFENIB,Oncology & Immunology
REPAGLINIDE,"Endocrine, Metabolic & Hormonal"
REPAGLINIDE/METFORMIN HCL,"Endocrine, Metabolic & Hormonal"
RESLIZUMAB,Oncology & Immunology
RHO(D) IMMUNE GLOBULIN,Infectious Disease (Antimicrobial/Antiviral/Vaccine)
RIBAVIRIN,Infectious Disease (Antimicrobial/Antiviral/Vaccine)
RIBOCICLIB SUCCINATE,Oncology & Immunology
RIBOCICLIB SUCCINATE/LETROZOLE,Oncology & Immunology
RIFABUTIN,Infectious Disease (Antimicrobial/Antiviral/Vaccine)
RIFAMP/ISONIAZID/PYRAZINAMIDE,Infectious Disease (Antimicrobial/Antiviral/Vaccine)
RIFAMPIN,Infectious Disease (Antimicrobial/Antiviral/Vaccine)
RIFAMPIN/ISONIAZID,Infectious Disease (Antimicrobial/Antiviral/Vaccine)
RIFAPENTINE,Infectious Disease (Antimicrobial/Antiviral/Vaccine)
RIFAXIMIN,"Nutrition, Fluids, Electrolytes & Supplies"
RILONACEPT,"Nutrition, Fluids, Electrolytes & Supplies"
RILPIVIRINE HCL,Infectious Disease (Antimicrobial/Antiviral/Vaccine)
RILUZOLE,"Neurology, Psychiatry & Pain"
RIMABOTULINUMTOXINB,Oncology & Immunology
RIMANTADINE HCL,"Nutrition, Fluids, Electrolytes & Supplies"
RIMEXOLONE,Ophthalmic & Otic
"RINGER'S SOLUTION,LACTATED","Nutrition, Fluids, Electrolytes & Supplies"
RIOCIGUAT,Cardiovascular & Blood
RISEDRONATE SODIUM,"Endocrine, Metabolic & Hormonal"
RISPERIDONE,"Neurology, Psychiatry & Pain"
RISPERIDONE MICROSPHERES,"Neurology, Psychiatry & Pain"
RITONAVIR,Infectious Disease (Antimicrobial/Antiviral/Vaccine)
RITUXIMAB,Oncology & Immunology
"RITUXIMAB/HYALURONIDASE,HUMAN",Oncology & Immunology
RIVAROXABAN,Cardiovascular & Blood
RIVASTIGMINE,"Neurology, Psychiatry & Pain"
RIVASTIGMINE TARTRATE,"Neurology, Psychiatry & Pain"
RIZATRIPTAN BENZOATE,"Neurology, Psychiatry & Pain"
ROFLUMILAST,Respiratory & Allergy
ROLAPITANT HCL,Gastrointestinal & Genitourinary
ROMIDEPSIN,Oncology & Immunology
ROMIPLOSTIM,Oncology & Immunology
ROPINIROLE HCL,"Neurology, Psychiatry & Pain"
ROSIGLITAZONE MALEATE,"Endocrine, Metabolic & Hormonal"
ROSUVASTATIN CALCIUM,Cardiovascular & Blood
ROTIGOTINE,"Neurology, Psychiatry & Pain"
RUCAPARIB CAMSYLATE,Oncology & Immunology
RUFINAMIDE,"Neurology, Psychiatry & Pain"
RUXOLITINIB PHOSPHATE,Oncology & Immunology
SACROSIDASE,"Endocrine, Metabolic & Hormonal"
SACUBITRIL/VALSARTAN,Cardiovascular & Blood
SAFINAMIDE MESYLATE,"Neurology, Psychiatry & Pain"
SALICYLIC ACID,Dermatology (Topical)
SALMETEROL XINAFOATE,Respiratory & Allergy
SALSALATE,"Nutrition, Fluids, Electrolytes & Supplies"
SAPROPTERIN DIHYDROCHLORIDE,"Endocrine, Metabolic & Hormonal"
SAQUINAVIR MESYLATE,Infectious Disease (Antimicrobial/Antiviral/Vaccine)
SARGRAMOSTIM,Oncology & Immunology
SARILUMAB,Oncology & Immunology
SAXAGLIPTIN HCL,"Endocrine, Metabolic & Hormonal"
SAXAGLIPTIN HCL/METFORMIN HCL,"Endocrine, Metabolic & Hormonal"
SCOPOLAMINE,Gastrointestinal & Genitourinary
SECOBARBITAL SODIUM,"Neurology, Psychiatry & Pain"
SECUKINUMAB,Oncology & Immunology
SELEGILINE,"Neurology, Psychiatry & Pain"
SELEGILINE HCL,"Neurology, Psychiatry & Pain"
SELENIUM SULFIDE,Dermatology (Topical)
SELEXIPAG,Cardiovascular & Blood
SERTACONAZOLE NITRATE,Dermatology (Topical)
SERTRALINE HCL,"Neurology, Psychiatry & Pain"
SEVELAMER CARBONATE,"Endocrine, Metabolic & Hormonal"
SEVELAMER HCL,"Endocrine, Metabolic & Hormonal"
SILDENAFIL CITRATE,Gastrointestinal & Genitourinary
SILODOSIN,Gastrointestinal & Genitourinary
SILVER NITRATE,Dermatology (Topical)
SILVER SULFADIAZINE,Dermatology (Topical)
SIMEPREVIR SODIUM,Infectious Disease (Antimicrobial/Antiviral/Vaccine)
SIMVASTATIN,Cardiovascular & Blood
SINECATECHINS,Dermatology (Topical)
SIROLIMUS,Oncology & Immunology
SITAGLIPTIN PHOS/METFORMIN HCL,"Endocrine, Metabolic & Hormonal"
SITAGLIPTIN PHOSPHATE,"Endocrine, Metabolic & Hormonal"
"SOD PHOS DI, MONO/K PHOS MONO","Nutrition, Fluids, Electrolytes & Supplies"
"SOD PHOS,M-B/K PHOS,MONOB","Nutrition, Fluids, Electrolytes & Supplies"
"SOD PHOSPHATE MBAS/SOD PHOS,DI","Nutrition, Fluids, Electrolytes & Supplies"
"SOD PHOSPHATE,MONOBASIC-DIBAS","Nutrition, Fluids, Electrolytes & Supplies"
SOD PICOSULF/MAG OX/CITRIC AC,"Nutrition, Fluids, Electrolytes & Supplies"
SOD/POT/K CIT/SOD CIT/CIT ACID,"Nutrition, Fluids, Electrolytes & Supplies"
SODIUM ACETATE,"Nutrition, Fluids, Electrolytes & Supplies"
SODIUM BICARBONATE,"Nutrition, Fluids, Electrolytes & Supplies"
SODIUM CHLORIDE,"Nutrition, Fluids, Electrolytes & Supplies"
SODIUM CHLORIDE 0.45 %,"Nutrition, Fluids, Electrolytes & Supplies"
SODIUM CHLORIDE 3 %,"Nutrition, Fluids, Electrolytes & Supplies"
SODIUM CHLORIDE 5 %,"Nutrition, Fluids, Electrolytes & Supplies"
SODIUM CHLORIDE FOR INHALATION,Respiratory & Allergy
SODIUM CHLORIDE IRRIG SOLUTION,"Nutrition, Fluids, Electrolytes & Supplies"
SODIUM CHLORIDE/NAHCO3/KCL/PEG,"Nutrition, Fluids, Electrolytes & Supplies"
SODIUM FLUORIDE/POTASSIUM NIT,"Nutrition, Fluids, Electrolytes & Supplies"
SODIUM OXYBATE,"Neurology, Psychiatry & Pain"
SODIUM PHENYLBUTYRATE,Dermatology (Topical)
SODIUM POLYSTYRENE SULFON/SORB,Gastrointestinal & Genitourinary
SODIUM POLYSTYRENE SULFONATE,Gastrointestinal & Genitourinary
"SODIUM, POTASSIUM,MAG SULFATES","Nutrition, Fluids, Electrolytes & Supplies"
SODIUM/POT/MAG/CALC/CHLOR/ACET,"Nutrition, Fluids, Electrolytes & Supplies"
SOFOSBUVIR,Infectious Disease (Antimicrobial/Antiviral/Vaccine)
SOFOSBUVIR/VELPATAS/VOXILAPREV,Infectious Disease (Antimicrobial/Antiviral/Vaccine)
SOFOSBUVIR/VELPATASVIR,Infectious Disease (Antimicrobial/Antiviral/Vaccine)
SOLIFENACIN SUCCINATE,Gastrointestinal & Genitourinary
SOMATROPIN,"Endocrine, Metabolic & Hormonal"
SONIDEGIB PHOSPHATE,Oncology & Immunology
SORAFENIB TOSYLATE,Oncology & Immunology
SORBITOL SOLUTION,Gastrointestinal & Genitourinary
SOTALOL HCL,"Nutrition, Fluids, Electrolytes & Supplies"
SPIRONOLACT/HYDROCHLOROTHIAZID,"Nutrition, Fluids, Electrolytes & Supplies"
SPIRONOLACTONE,Cardiovascular & Blood
STAVUDINE,Infectious Disease (Antimicrobial/Antiviral/Vaccine)
STREPTOMYCIN SULFATE,Infectious Disease (Antimicrobial/Antiviral/Vaccine)
"SUB-Q INSULIN DEVICE, 20 UNIT","Endocrine, Metabolic & Hormonal"
"SUB-Q INSULIN DEVICE, 30 UNIT","Endocrine, Metabolic & Hormonal"
"SUB-Q INSULIN DEVICE, 40 UNIT","Endocrine, Metabolic & Hormonal"
SUCCIMER,"Endocrine, Metabolic & Hormonal"
SUCCINYLCHOLINE CHLORIDE,"Neurology, Psychiatry & Pain"
SUCRALFATE,Gastrointestinal & Genitourinary
SUCROFERRIC OXYHYDROXIDE,"Endocrine, Metabolic & Hormonal"
SULCONAZOLE NITRATE,Dermatology (Topical)
SULFACETAMIDE SOD/SULFUR/UREA,Infectious Disease (Antimicrobial/Antiviral/Vaccine)
SULFACETAMIDE SODIUM,Infectious Disease (Antimicrobial/Antiviral/Vaccine)
SULFACETAMIDE SODIUM/SULFUR,Infectious Disease (Antimicrobial/Antiviral/Vaccine)
SULFACETAMIDE/PREDNISOLONE,Ophthalmic & Otic
SULFACETAMIDE/PREDNISOLONE SP,Ophthalmic & Otic
SULFADIAZINE,Infectious Disease (Antimicrobial/Antiviral/Vaccine)
SULFAMETHOXAZOLE/TRIMETHOPRIM,Infectious Disease (Antimicrobial/Antiviral/Vaccine)
SULFANILAMIDE,Infectious Disease (Antimicrobial/Antiviral/Vaccine)
SULFASALAZINE,Gastrointestinal & Genitourinary
SULINDAC,"Nutrition, Fluids, Electrolytes & Supplies"
SUMATRIPTAN,"Neurology, Psychiatry & Pain"
SUMATRIPTAN SUCC/NAPROXEN SOD,"Neurology, Psychiatry & Pain"
SUMATRIPTAN SUCCINATE,"Neurology, Psychiatry & Pain"
SUNITINIB MALATE,Oncology & Immunology
SUVOREXANT,"Neurology, Psychiatry & Pain"
"SYR,NDL,INSULIN,1ML-SHARPS BIN","Endocrine, Metabolic & Hormonal"
"SYR-ND,INS,0.3/CONTAINER,EMPTY","Nutrition, Fluids, Electrolytes & Supplies"
"SYR-ND,INS,0.5/CONTAINER,EMPTY","Nutrition, Fluids, Electrolytes & Supplies"
"SYRGE-NDL,INS 0.3 ML HALF MARK","Nutrition, Fluids, Electrolytes & Supplies"
"SYRING-NEEDL,DISP,INSUL,0.3 ML","Nutrition, Fluids, Electrolytes & Supplies"
"SYRINGE AND NEEDLE,INSULIN,1ML","Endocrine, Metabolic & Hormonal"
"SYRINGE W-NDL, DISP,INSUL,2 ML","Nutrition, Fluids, Electrolytes & Supplies"
"SYRINGE WITH NEEDLE, INSULIN","Endocrine, Metabolic & Hormonal"
"SYRINGE,INSUL U-500,NDL,0.5ML","Nutrition, Fluids, Electrolytes & Supplies"
"SYRINGE,INSULIN,NEEDLESS 1 ML","Endocrine, Metabolic & Hormonal"
"SYRINGE,NEEDLE,INSULN,SAFE,1ML","Nutrition, Fluids, Electrolytes & Supplies"
"SYRINGE,NEEDLE,INSULN,SF 0.5ML","Nutrition, Fluids, Electrolytes & Supplies"
"SYRINGE,NEEDLE,INSULN,SF,0.3ML","Nutrition, Fluids, Electrolytes & Supplies"
"SYRINGE,SAFETY WITH NEEDLE,1ML","Nutrition, Fluids, Electrolytes & Supplies"
"SYRINGE-NEEDLE,INSULIN,0.5 ML","Endocrine, Metabolic & Hormonal"
TACROLIMUS,Oncology & Immunology
TADALAFIL,Gastrointestinal & Genitourinary
TAFLUPROST/PF,Ophthalmic & Otic
TALIGLUCERASE ALFA,"Endocrine, Metabolic & Hormonal"
TAMOXIFEN CITRATE,Oncology & Immunology
TAMSULOSIN HCL,Gastrointestinal & Genitourinary
TAPENTADOL HCL,"Neurology, Psychiatry & Pain"
TASIMELTEON,"Nutrition, Fluids, Electrolytes & Supplies"
TAVABOROLE,Dermatology (Topical)
TAZAROTENE,Dermatology (Topical)
TBO-FILGRASTIM,Oncology & Immunology
TEDIZOLID PHOSPHATE,Infectious Disease (Antimicrobial/Antiviral/Vaccine)
TEDUGLUTIDE,"Nutrition, Fluids, Electrolytes & Supplies"
TELAVANCIN HCL,Infectious Disease (Antimicrobial/Antiviral/Vaccine)
TELBIVUDINE,Infectious Disease (Antimicrobial/Antiviral/Vaccine)
TELMISARTAN,Cardiovascular & Blood
TELMISARTAN/AMLODIPINE,Cardiovascular & Blood
TELMISARTAN/HYDROCHLOROTHIAZID,Cardiovascular & Blood
TELOTRISTAT ETIPRATE,Gastrointestinal & Genitourinary
TEMAZEPAM,"Neurology, Psychiatry & Pain"
TEMSIROLIMUS,Oncology & Immunology
TENOFOVIR ALAFENAMIDE FUMARATE,Infectious Disease (Antimicrobial/Antiviral/Vaccine)
TENOFOVIR DISOPROXIL FUMARATE,Infectious Disease (Antimicrobial/Antiviral/Vaccine)
TERAZOSIN HCL,Gastrointestinal & Genitourinary
TERBINAFINE HCL,Dermatology (Topical)
TERBUTALINE SULFATE,Respiratory & Allergy
TERCONAZOLE,Dermatology (Topical)
TERIFLUNOMIDE,"Neurology, Psychiatry & Pain"
TERIPARATIDE,"Endocrine, Metabolic & Hormonal"
TESAMORELIN ACETATE,"Endocrine, Metabolic & Hormonal"
TESTOSTERONE,"Endocrine, Metabolic & Hormonal"
TESTOSTERONE CYPIONATE,"Endocrine, Metabolic & Hormonal"
TESTOSTERONE ENANTHATE,"Endocrine, Metabolic & Hormonal"
TESTOSTERONE UNDECANOATE,"Endocrine, Metabolic & Hormonal"
"TETANUS TOXOID, ADSORBED/PF",Infectious Disease (Antimicrobial/Antiviral/Vaccine)
"TETANUS, DIPHTHERIA TOX,ADULT",Infectious Disease (Antimicrobial/Antiviral/Vaccine)
"TETANUS,DIPHTHERIA TOXD PED/PF",Infectious Disease (Antimicrobial/Antiviral/Vaccine)
TETANUS-DIPHTHERIA TOXOIDS/PF,Infectious Disease (Antimicrobial/Antiviral/Vaccine)
TETRABENAZINE,"Neurology, Psychiatry & Pain"
TETRACAINE HCL,"Neurology, Psychiatry & Pain"
TETRACAINE HCL/PF,Ophthalmic & Otic
TETRACYCLINE HCL,Infectious Disease (Antimicrobial/Antiviral/Vaccine)
THALIDOMIDE,Oncology & Immunology
THEOPHYLLINE ANHYDROUS,Respiratory & Allergy
THIOGUANINE,Oncology & Immunology
THIORIDAZINE HCL,"Neurology, Psychiatry & Pain"
THIOTHIXENE,"Neurology, Psychiatry & Pain"
"THYROID,PORK","Endocrine, Metabolic & Hormonal"
THYROTROPIN ALFA,"Endocrine, Metabolic & Hormonal"
TIAGABINE HCL,"Neurology, Psychiatry & Pain"
TICAGRELOR,Cardiovascular & Blood
TIGECYCLINE,Infectious Disease (Antimicrobial/Antiviral/Vaccine)
TIMOLOL,Cardiovascular & Blood
TIMOLOL MALEATE,Cardiovascular & Blood
TIMOLOL MALEATE/PF,Cardiovascular & Blood
TINIDAZOLE,Infectious Disease (Antimicrobial/Antiviral/Vaccine)
TIOPRONIN,"Nutrition, Fluids, Electrolytes & Supplies"
TIOTROPIUM BR/OLODATEROL HCL,"Neurology, Psychiatry & Pain"
TIOTROPIUM BROMIDE,"Neurology, Psychiatry & Pain"
TIPRANAVIR,Infectious Disease (Antimicrobial/Antiviral/Vaccine)
TIZANIDINE HCL,"Neurology, Psychiatry & Pain"
TOBRAMYCIN,Infectious Disease (Antimicrobial/Antiviral/Vaccine)
TOBRAMYCIN IN 0.225% SOD CHLOR,Infectious Disease (Antimicrobial/Antiviral/Vaccine)
TOBRAMYCIN SULFATE,Infectious Disease (Antimicrobial/Antiviral/Vaccine)
TOBRAMYCIN/DEXAMETHASONE,Ophthalmic & Otic
TOBRAMYCIN/LOTEPRED ETAB,Ophthalmic & Otic
TOBRAMYCIN/NEBULIZER,Infectious Disease (Antimicrobial/Antiviral/Vaccine)
TOCILIZUMAB,Oncology & Immunology
TOFACITINIB CITRATE,Oncology & Immunology
TOLAZAMIDE,"Endocrine, Metabolic & Hormonal"
TOLBUTAMIDE,"Endocrine, Metabolic & Hormonal"
TOLCAPONE,"Neurology, Psychiatry & Pain"
TOLMETIN SODIUM,"Nutrition, Fluids, Electrolytes & Supplies"
TOLTERODINE TARTRATE,Gastrointestinal & Genitourinary
TOLVAPTAN,"Nutrition, Fluids, Electrolytes & Supplies"
TOPIRAMATE,"Neurology, Psychiatry & Pain"
TOPOTECAN HCL,Oncology & Immunology
TOREMIFENE CITRATE,Oncology & Immunology
TORSEMIDE,Cardiovascular & Blood
TRABECTEDIN,Oncology & Immunology
TRAMADOL HCL,"Neurology, Psychiatry & Pain"
TRAMADOL HCL/ACETAMINOPHEN,"Neurology, Psychiatry & Pain"
TRAMETINIB DIMETHYL SULFOXIDE,Oncology & Immunology
TRANDOLAPRIL,Cardiovascular & Blood
TRANDOLAPRIL/VERAPAMIL HCL,Cardiovascular & Blood
TRANEXAMIC ACID,Gastrointestinal & Genitourinary
TRANYLCYPROMINE SULFATE,"Neurology, Psychiatry & Pain"
TRASTUZUMAB,Oncology & Immunology
TRAVOPROST,Ophthalmic & Otic
TRAVOPROST (BENZALKONIUM),Ophthalmic & Otic
TRAZODONE HCL,"Neurology, Psychiatry & Pain"
TREPROSTINIL DIOLAMINE,Cardiovascular & Blood
TREPROSTINIL SODIUM,Cardiovascular & Blood
TREPROSTINIL/NEB ACCESSORIES,Cardiovascular & Blood
TRETINOIN,Dermatology (Topical)
TRETINOIN MICROSPHERES,Dermatology (Topical)
TRIAMCINOLONE ACETONIDE,Dermatology (Topical)
TRIAMCINOLONE ACETONIDE/PF,Dermatology (Topical)
TRIAMTERENE,Cardiovascular & Blood
TRIAMTERENE/HYDROCHLOROTHIAZID,Cardiovascular & Blood
TRIAZOLAM,"Neurology, Psychiatry & Pain"
TRIENTINE HCL,"Endocrine, Metabolic & Hormonal"
TRIFLUOPERAZINE HCL,"Neurology, Psychiatry & Pain"
TRIFLURIDINE,"Nutrition, Fluids, Electrolytes & Supplies"
TRIFLURIDINE/TIPIRACIL HCL,"Nutrition, Fluids, Electrolytes & Supplies"
TRIHEXYPHENIDYL HCL,"Neurology, Psychiatry & Pain"
TRIMETHOBENZAMIDE HCL,Gastrointestinal & Genitourinary
TRIMETHOPRIM,Infectious Disease (Antimicrobial/Antiviral/Vaccine)
TRIMIPRAMINE MALEATE,"Neurology, Psychiatry & Pain"
TRIPTORELIN PAMOATE,Oncology & Immunology
TROPICAMIDE,Ophthalmic & Otic
TROSPIUM CHLORIDE,Gastrointestinal & Genitourinary
TYPHOID VI POLYSACCH VACCINE,Infectious Disease (Antimicrobial/Antiviral/Vaccine)
ULIPRISTAL ACETATE,"Endocrine, Metabolic & Hormonal"
UMECLIDINIUM BRM/VILANTEROL TR,Respiratory & Allergy
UMECLIDINIUM BROMIDE,Respiratory & Allergy
UREA,"Nutrition, Fluids, Electrolytes & Supplies"
URSODIOL,Gastrointestinal & Genitourinary
USTEKINUMAB,Oncology & Immunology
VALACYCLOVIR HCL,Infectious Disease (Antimicrobial/Antiviral/Vaccine)
VALBENAZINE TOSYLATE,"Neurology, Psychiatry & Pain"
VALGANCICLOVIR HCL,Infectious Disease (Antimicrobial/Antiviral/Vaccine)
VALPROIC ACID,"Neurology, Psychiatry & Pain"
VALPROIC ACID (AS SODIUM SALT),"Neurology, Psychiatry & Pain"
VALRUBICIN,Oncology & Immunology
VALSARTAN,Cardiovascular & Blood
VALSARTAN/HYDROCHLOROTHIAZIDE,Cardiovascular & Blood
VANCOMYCIN HCL,Infectious Disease (Antimicrobial/Antiviral/Vaccine)
VANCOMYCIN HCL IN 5 % DEXTROSE,Infectious Disease (Antimicrobial/Antiviral/Vaccine)
VANCOMYCIN/0.9 % SOD CHLORIDE,Infectious Disease (Antimicrobial/Antiviral/Vaccine)
VANDETANIB,"Nutrition, Fluids, Electrolytes & Supplies"
VARDENAFIL HCL,Gastrointestinal & Genitourinary
VARENICLINE TARTRATE,"Neurology, Psychiatry & Pain"
VARICELLA VACCINE LIVE/PF,Infectious Disease (Antimicrobial/Antiviral/Vaccine)
VARICELLA-ZOSTER GE/AS01B/PF,Infectious Disease (Antimicrobial/Antiviral/Vaccine)
VASOPRESSIN,"Endocrine, Metabolic & Hormonal"
VEDOLIZUMAB,Oncology & Immunology
VELAGLUCERASE ALFA,"Endocrine, Metabolic & Hormonal"
VEMURAFENIB,Oncology & Immunology
VENETOCLAX,"Nutrition, Fluids, Electrolytes & Supplies"
VENLAFAXINE HCL,"Neurology, Psychiatry & Pain"
VERAPAMIL HCL,Cardiovascular & Blood
VERTEPORFIN,Ophthalmic & Otic
VIGABATRIN,"Neurology, Psychiatry & Pain"
VILAZODONE HCL,"Neurology, Psychiatry & Pain"
VINBLASTINE SULFATE,Oncology & Immunology
VINCRISTINE SULFATE,Oncology & Immunology
VINORELBINE TARTRATE,Oncology & Immunology
VISMODEGIB,Oncology & Immunology
VIT B COMP NO.3/FOLIC/C/BIOTIN,"Nutrition, Fluids, Electrolytes & Supplies"
VORAPAXAR SULFATE,Cardiovascular & Blood
VORICONAZOLE,Infectious Disease (Antimicrobial/Antiviral/Vaccine)
VORINOSTAT,Oncology & Immunology
VORTIOXETINE HYDROBROMIDE,"Neurology, Psychiatry & Pain"
WARFARIN SODIUM,Cardiovascular & Blood
"WATER FOR INJECTION,STERILE","Nutrition, Fluids, Electrolytes & Supplies"
"WATER FOR IRRIGATION,STERILE","Nutrition, Fluids, Electrolytes & Supplies"
WEED POLLEN-SHORT RAGWEED,"Nutrition, Fluids, Electrolytes & Supplies"
YELLOW FEVER VACCINE LIVE/PF,Infectious Disease (Antimicrobial/Antiviral/Vaccine)
ZAFIRLUKAST,Respiratory & Allergy
ZALEPLON,"Neurology, Psychiatry & Pain"
ZANAMIVIR,Infectious Disease (Antimicrobial/Antiviral/Vaccine)
ZICONOTIDE ACETATE,"Nutrition, Fluids, Electrolytes & Supplies"
ZIDOVUDINE,Infectious Disease (Antimicrobial/Antiviral/Vaccine)
ZILEUTON,Respiratory & Allergy
ZIPRASIDONE HCL,"Neurology, Psychiatry & Pain"
ZIPRASIDONE MESYLATE,"Neurology, Psychiatry & Pain"
ZIV-AFLIBERCEPT,Ophthalmic & Otic
ZOLEDRONIC ACID,"Endocrine, Metabolic & Hormonal"
ZOLEDRONIC ACID/MANNITOL-WATER,"Endocrine, Metabolic & Hormonal"
ZOLMITRIPTAN,"Neurology, Psychiatry & Pain"
ZOLPIDEM TARTRATE,"Neurology, Psychiatry & Pain"
ZONISAMIDE,"Neurology, Psychiatry & Pain"
ZOSTER VACCINE LIVE/PF,Infectious Disease (Antimicrobial/Antiviral/Vaccine)
